trueClass,Standing still,Sitting and relaxing,Lying down,Walking,Climbing stairs,Waist bends forward,Frontal elevation of arms,Knees bending,Cycling,Jogging,Running,Jump front and back
Standing still,98.550000,1.350000,0.000000,0.000000,0.000000,0.000000,0.100000,0.000000,0.000000,0.000000,0.000000,0.000000
Sitting and relaxing,36.070000,48.750000,0.000000,0.000000,0.000000,0.960000,14.220000,0.000000,0.000000,0.000000,0.000000,0.000000
Lying down,0.000000,0.000000,97.100000,0.000000,0.000000,0.000000,0.000000,2.900000,0.000000,0.000000,0.000000,0.000000
Walking,0.200000,0.030000,0.000000,93.530000,6.170000,0.000000,0.000000,0.070000,0.000000,0.000000,0.000000,0.000000
Climbing stairs,10.150000,2.800000,0.000000,40.080000,39.980000,1.030000,2.530000,2.860000,0.370000,0.000000,0.000000,0.200000
Waist bends forward,17.290000,0.000000,0.000000,0.040000,3.190000,76.280000,0.110000,2.940000,0.140000,0.000000,0.000000,0.000000
Frontal elevation of arms,0.000000,0.000000,0.000000,0.000000,0.000000,0.000000,100.000000,0.000000,0.000000,0.000000,0.000000,0.000000
Knees bending,13.420000,0.000000,0.000000,3.360000,18.400000,23.520000,0.000000,10.030000,31.270000,0.000000,0.000000,0.000000
Cycling,0.460000,0.130000,0.000000,0.000000,0.260000,5.120000,0.130000,0.170000,93.730000,0.000000,0.000000,0.000000
Jogging,0.000000,0.000000,0.000000,0.000000,0.000000,0.000000,0.000000,2.810000,0.000000,76.170000,2.710000,18.320000
Running,0.000000,3.370000,0.000000,0.000000,7.520000,0.000000,0.000000,18.050000,0.000000,14.590000,44.820000,11.650000
Jump front and back,0.000000,0.000000,0.000000,0.000000,0.000000,0.000000,0.000000,0.000000,0.000000,10.300000,0.000000,89.700000
