variant,protocol,fold,classifier,learning,trainRows,testRows,keptFeatures,neighbours,accuracy,macroPrecision,macroRecall,macroSpecificity,macroF1,attalF,trees,log2Cost,log2Gamma,emIterations,emConverged,converged
rawSubsample,shuffledFolds,1,kNearestNeighbour,supervised,15471,1719,,1,0.924375,0.922130,0.914528,0.993103,0.917439,0.918313,,,,,,
rawSubsample,shuffledFolds,2,kNearestNeighbour,supervised,15471,1719,,1,0.919139,0.923190,0.905487,0.992610,0.911880,0.914253,,,,,,
rawSubsample,shuffledFolds,3,kNearestNeighbour,supervised,15471,1719,,1,0.912740,0.912421,0.899137,0.992036,0.903966,0.905730,,,,,,
rawSubsample,shuffledFolds,4,kNearestNeighbour,supervised,15471,1719,,1,0.913903,0.915012,0.896122,0.992137,0.902173,0.905469,,,,,,
rawSubsample,shuffledFolds,5,kNearestNeighbour,supervised,15471,1719,,1,0.913903,0.912142,0.905044,0.992153,0.907463,0.908580,,,,,,
rawSubsample,shuffledFolds,6,kNearestNeighbour,supervised,15471,1719,,1,0.925538,0.928359,0.916103,0.993198,0.920747,0.922190,,,,,,
rawSubsample,shuffledFolds,7,kNearestNeighbour,supervised,15471,1719,,1,0.927283,0.928144,0.914587,0.993360,0.919738,0.921315,,,,,,
rawSubsample,shuffledFolds,8,kNearestNeighbour,supervised,15471,1719,,1,0.914485,0.915028,0.902636,0.992194,0.907097,0.908790,,,,,,
rawSubsample,shuffledFolds,9,kNearestNeighbour,supervised,15471,1719,,1,0.915649,0.918323,0.900476,0.992296,0.906494,0.909312,,,,,,
rawSubsample,shuffledFolds,10,kNearestNeighbour,supervised,15471,1719,,1,0.922048,0.920912,0.905162,0.992889,0.910261,0.912969,,,,,,
rawSubsample,shuffledFolds,1,randomForest,supervised,15471,1719,,,0.920303,0.919275,0.909427,0.992728,0.913297,0.914324,100,,,,,
rawSubsample,shuffledFolds,2,randomForest,supervised,15471,1719,,,0.908086,0.910791,0.890545,0.991603,0.897003,0.900554,100,,,,,
rawSubsample,shuffledFolds,3,randomForest,supervised,15471,1719,,,0.899942,0.906793,0.882629,0.990853,0.890221,0.894548,100,,,,,
rawSubsample,shuffledFolds,4,randomForest,supervised,15471,1719,,,0.917394,0.925706,0.895678,0.992445,0.903219,0.910444,100,,,,,
rawSubsample,shuffledFolds,5,randomForest,supervised,15471,1719,,,0.918557,0.923507,0.903081,0.992557,0.909844,0.913180,100,,,,,
rawSubsample,shuffledFolds,6,randomForest,supervised,15471,1719,,,0.907504,0.913447,0.892623,0.991545,0.899548,0.902915,100,,,,,
rawSubsample,shuffledFolds,7,randomForest,supervised,15471,1719,,,0.917394,0.918378,0.904081,0.992458,0.909396,0.911174,100,,,,,
rawSubsample,shuffledFolds,8,randomForest,supervised,15471,1719,,,0.915649,0.914183,0.904343,0.992305,0.907903,0.909237,100,,,,,
rawSubsample,shuffledFolds,9,randomForest,supervised,15471,1719,,,0.915067,0.918749,0.899677,0.992241,0.905920,0.909113,100,,,,,
rawSubsample,shuffledFolds,10,randomForest,supervised,15471,1719,,,0.915649,0.922749,0.900044,0.992288,0.907442,0.911255,100,,,,,
rawSubsample,shuffledFolds,1,supportVectorMachine,supervised,15471,1719,,,0.916812,0.917171,0.914468,0.992408,0.915372,0.915818,,6,-3,,,
rawSubsample,shuffledFolds,2,supportVectorMachine,supervised,15471,1719,,,0.919139,0.921098,0.910693,0.992615,0.914752,0.915866,,6,-3,,,
rawSubsample,shuffledFolds,3,supportVectorMachine,supervised,15471,1719,,,0.898197,0.897256,0.888349,0.990709,0.891924,0.892780,,6,-3,,,
rawSubsample,shuffledFolds,4,supportVectorMachine,supervised,15471,1719,,,0.909250,0.914292,0.896410,0.991705,0.902370,0.905263,,6,-3,,,
rawSubsample,shuffledFolds,5,supportVectorMachine,supervised,15471,1719,,,0.898778,0.896690,0.888419,0.990770,0.891137,0.892535,,6,-3,,,
rawSubsample,shuffledFolds,6,supportVectorMachine,supervised,15471,1719,,,0.899360,0.901688,0.890258,0.990810,0.894817,0.895937,,6,-3,,,
rawSubsample,shuffledFolds,7,supportVectorMachine,supervised,15471,1719,,,0.893543,0.889266,0.882357,0.990296,0.884929,0.885798,,6,-3,,,
rawSubsample,shuffledFolds,8,supportVectorMachine,supervised,15471,1719,,,0.910995,0.908222,0.904181,0.991884,0.905337,0.906197,,6,-3,,,
rawSubsample,shuffledFolds,9,supportVectorMachine,supervised,15471,1719,,,0.885980,0.886549,0.874032,0.989596,0.877884,0.880246,,6,-3,,,
rawSubsample,shuffledFolds,10,supportVectorMachine,supervised,15471,1719,,,0.898778,0.894723,0.888391,0.990772,0.890456,0.891546,,6,-3,,,
rawSubsample,shuffledFolds,1,supervisedLearningGaussianMixture,supervised,15471,1719,,,0.754508,0.749648,0.728927,0.977590,0.728794,0.739142,,,,,,
rawSubsample,shuffledFolds,2,supervisedLearningGaussianMixture,supervised,15471,1719,,,0.769052,0.765564,0.742220,0.978918,0.743107,0.753711,,,,,,
rawSubsample,shuffledFolds,3,supervisedLearningGaussianMixture,supervised,15471,1719,,,0.753927,0.738877,0.727416,0.977550,0.726976,0.733102,,,,,,
rawSubsample,shuffledFolds,4,supervisedLearningGaussianMixture,supervised,15471,1719,,,0.760326,0.741489,0.729488,0.978126,0.726555,0.735439,,,,,,
rawSubsample,shuffledFolds,5,supervisedLearningGaussianMixture,supervised,15471,1719,,,0.758581,0.740228,0.728793,0.977979,0.726450,0.734466,,,,,,
rawSubsample,shuffledFolds,6,supervisedLearningGaussianMixture,supervised,15471,1719,,,0.760326,0.758511,0.735818,0.978118,0.737175,0.746992,,,,,,
rawSubsample,shuffledFolds,7,supervisedLearningGaussianMixture,supervised,15471,1719,,,0.769052,0.762540,0.742103,0.978920,0.744306,0.752183,,,,,,
rawSubsample,shuffledFolds,8,supervisedLearningGaussianMixture,supervised,15471,1719,,,0.769634,0.759237,0.743524,0.978984,0.743519,0.751299,,,,,,
rawSubsample,shuffledFolds,9,supervisedLearningGaussianMixture,supervised,15471,1719,,,0.770215,0.761796,0.743930,0.979029,0.744662,0.752757,,,,,,
rawSubsample,shuffledFolds,10,supervisedLearningGaussianMixture,supervised,15471,1719,,,0.758581,0.732358,0.723575,0.977976,0.720570,0.727940,,,,,,
rawSubsample,leaveOneSubjectOut,1,kNearestNeighbour,supervised,15427,1763,,3,0.571185,0.543994,0.568079,0.960792,0.535648,0.555776,,,,,,
rawSubsample,leaveOneSubjectOut,2,kNearestNeighbour,supervised,15410,1780,,5,0.631461,0.606824,0.620945,0.966308,0.603168,0.613803,,,,,,
rawSubsample,leaveOneSubjectOut,3,kNearestNeighbour,supervised,15418,1772,,5,0.750000,0.727944,0.736039,0.977153,0.720759,0.731969,,,,,,
rawSubsample,leaveOneSubjectOut,4,kNearestNeighbour,supervised,15421,1769,,5,0.713963,0.695802,0.706184,0.973820,0.673413,0.700955,,,,,,
rawSubsample,leaveOneSubjectOut,5,kNearestNeighbour,supervised,15490,1700,,5,0.631765,0.608920,0.634246,0.966511,0.605569,0.621325,,,,,,
rawSubsample,leaveOneSubjectOut,6,kNearestNeighbour,supervised,15577,1613,,5,0.649721,0.640100,0.643789,0.968245,0.611055,0.641939,,,,,,
rawSubsample,leaveOneSubjectOut,7,kNearestNeighbour,supervised,15474,1716,,5,0.740093,0.724552,0.731726,0.976304,0.712774,0.728122,,,,,,
rawSubsample,leaveOneSubjectOut,8,kNearestNeighbour,supervised,15520,1670,,5,0.573054,0.574937,0.563300,0.960908,0.554471,0.569059,,,,,,
rawSubsample,leaveOneSubjectOut,9,kNearestNeighbour,supervised,15470,1720,,5,0.675000,0.628932,0.671111,0.970362,0.633111,0.649337,,,,,,
rawSubsample,leaveOneSubjectOut,10,kNearestNeighbour,supervised,15503,1687,,5,0.603438,0.606343,0.606164,0.964009,0.572097,0.606253,,,,,,
rawSubsample,leaveOneSubjectOut,1,randomForest,supervised,15427,1763,,,0.700510,0.691558,0.697757,0.972676,0.675772,0.694643,100,,,,,
rawSubsample,leaveOneSubjectOut,2,randomForest,supervised,15410,1780,,,0.695506,0.647152,0.680550,0.972234,0.655155,0.663431,100,,,,,
rawSubsample,leaveOneSubjectOut,3,randomForest,supervised,15418,1772,,,0.775959,0.759026,0.759543,0.979531,0.741049,0.759284,100,,,,,
rawSubsample,leaveOneSubjectOut,4,randomForest,supervised,15421,1769,,,0.680045,0.610753,0.665865,0.970718,0.613863,0.637120,100,,,,,
rawSubsample,leaveOneSubjectOut,5,randomForest,supervised,15490,1700,,,0.661176,0.631255,0.664369,0.969189,0.630214,0.647389,100,,,,,
rawSubsample,leaveOneSubjectOut,6,randomForest,supervised,15577,1613,,,0.810291,0.830200,0.790021,0.982603,0.791428,0.809612,100,,,,,
rawSubsample,leaveOneSubjectOut,7,randomForest,supervised,15474,1716,,,0.698718,0.632102,0.699269,0.972534,0.653459,0.663991,100,,,,,
rawSubsample,leaveOneSubjectOut,8,randomForest,supervised,15520,1670,,,0.561677,0.548448,0.550966,0.959967,0.533630,0.549704,20,,,,,
rawSubsample,leaveOneSubjectOut,9,randomForest,supervised,15470,1720,,,0.748256,0.760310,0.747033,0.977051,0.717689,0.753613,100,,,,,
rawSubsample,leaveOneSubjectOut,10,randomForest,supervised,15503,1687,,,0.565501,0.476387,0.574570,0.960947,0.481385,0.520892,100,,,,,
rawSubsample,leaveOneSubjectOut,1,supportVectorMachine,supervised,15427,1763,,,0.663074,0.639913,0.657951,0.969282,0.629235,0.648807,,1,-3,,,
rawSubsample,leaveOneSubjectOut,2,supportVectorMachine,supervised,15410,1780,,,0.758989,0.748270,0.749250,0.978072,0.742666,0.748760,,2,-5,,,
rawSubsample,leaveOneSubjectOut,3,supportVectorMachine,supervised,15418,1772,,,0.708239,0.720297,0.703564,0.973338,0.690751,0.711832,,1,-5,,,
rawSubsample,leaveOneSubjectOut,4,supportVectorMachine,supervised,15421,1769,,,0.691351,0.680508,0.686757,0.971789,0.662607,0.683618,,2,-5,,,
rawSubsample,leaveOneSubjectOut,5,supportVectorMachine,supervised,15490,1700,,,0.696471,0.689687,0.695907,0.972329,0.679184,0.692783,,1,-5,,,
rawSubsample,leaveOneSubjectOut,6,supportVectorMachine,supervised,15577,1613,,,0.800372,0.821889,0.782268,0.981676,0.784451,0.801589,,2,-3,,,
rawSubsample,leaveOneSubjectOut,7,supportVectorMachine,supervised,15474,1716,,,0.711538,0.655545,0.718330,0.973689,0.671471,0.685503,,2,-3,,,
rawSubsample,leaveOneSubjectOut,8,supportVectorMachine,supervised,15520,1670,,,0.544311,0.495295,0.544599,0.958556,0.502708,0.518778,,6,-5,,,
rawSubsample,leaveOneSubjectOut,9,supportVectorMachine,supervised,15470,1720,,,0.796512,0.772886,0.790768,0.981443,0.770467,0.781725,,2,-5,,,
rawSubsample,leaveOneSubjectOut,10,supportVectorMachine,supervised,15503,1687,,,0.755187,0.817976,0.749859,0.977826,0.744956,0.782438,,6,-5,,,
rawSubsample,leaveOneSubjectOut,1,supervisedLearningGaussianMixture,supervised,15427,1763,,,0.645491,0.657212,0.636159,0.967699,0.618111,0.646514,,,,,,
rawSubsample,leaveOneSubjectOut,2,supervisedLearningGaussianMixture,supervised,15410,1780,,,0.735393,0.718621,0.704518,0.975913,0.695140,0.711500,,,,,,
rawSubsample,leaveOneSubjectOut,3,supervisedLearningGaussianMixture,supervised,15418,1772,,,0.696388,0.639760,0.663408,0.972266,0.638069,0.651369,,,,,,
rawSubsample,leaveOneSubjectOut,4,supervisedLearningGaussianMixture,supervised,15421,1769,,,0.647258,0.673724,0.619608,0.967748,0.614513,0.645534,,,,,,
rawSubsample,leaveOneSubjectOut,5,supervisedLearningGaussianMixture,supervised,15490,1700,,,0.732353,0.718916,0.704464,0.975588,0.703225,0.711617,,,,,,
rawSubsample,leaveOneSubjectOut,6,supervisedLearningGaussianMixture,supervised,15577,1613,,,0.787973,0.789577,0.752199,0.980560,0.750971,0.770435,,,,,,
rawSubsample,leaveOneSubjectOut,7,supervisedLearningGaussianMixture,supervised,15474,1716,,,0.669580,0.636652,0.643694,0.970313,0.629105,0.640154,,,,,,
rawSubsample,leaveOneSubjectOut,8,supervisedLearningGaussianMixture,supervised,15520,1670,,,0.616168,0.601271,0.596459,0.964854,0.575978,0.598855,,,,,,
rawSubsample,leaveOneSubjectOut,9,supervisedLearningGaussianMixture,supervised,15470,1720,,,0.817442,0.806566,0.782326,0.983332,0.782703,0.794261,,,,,,
rawSubsample,leaveOneSubjectOut,10,supervisedLearningGaussianMixture,supervised,15503,1687,,,0.732662,0.766316,0.711121,0.975638,0.696482,0.737687,,,,,,
rawFull,shuffledFolds,1,kNearestNeighbour,supervised,154442,17161,,1,0.950178,0.949636,0.942494,0.995455,0.945611,0.946051,,,,,,
rawFull,shuffledFolds,2,kNearestNeighbour,supervised,154442,17161,,3,0.953907,0.956491,0.943706,0.995788,0.948728,0.950055,,,,,,
rawFull,shuffledFolds,3,kNearestNeighbour,supervised,154442,17161,,3,0.955306,0.957098,0.945885,0.995918,0.950326,0.951458,,,,,,
rawFull,shuffledFolds,4,kNearestNeighbour,supervised,154443,17160,,3,0.955186,0.956332,0.946656,0.995908,0.950639,0.951469,,,,,,
rawFull,shuffledFolds,5,kNearestNeighbour,supervised,154443,17160,,3,0.954196,0.956124,0.943841,0.995815,0.948738,0.949943,,,,,,
rawFull,shuffledFolds,6,kNearestNeighbour,supervised,154443,17160,,3,0.954079,0.956384,0.944589,0.995804,0.949290,0.950450,,,,,,
rawFull,shuffledFolds,7,kNearestNeighbour,supervised,154443,17160,,1,0.953788,0.953650,0.946637,0.995783,0.949683,0.950130,,,,,,
rawFull,shuffledFolds,8,kNearestNeighbour,supervised,154443,17160,,3,0.954487,0.954940,0.945948,0.995846,0.949649,0.950423,,,,,,
rawFull,shuffledFolds,9,kNearestNeighbour,supervised,154443,17160,,3,0.957343,0.958845,0.948099,0.996104,0.952482,0.953441,,,,,,
rawFull,shuffledFolds,10,kNearestNeighbour,supervised,154443,17160,,3,0.955886,0.957247,0.946514,0.995972,0.950809,0.951850,,,,,,
rawFull,shuffledFolds,1,hiddenMarkovModel,unsupervised,154442,17161,,,0.446827,0.413679,0.457247,0.949613,0.395235,0.434373,,,,20,False,
rawFull,shuffledFolds,2,hiddenMarkovModel,unsupervised,154442,17161,,,0.494144,0.453050,0.492461,0.953941,0.425328,0.471934,,,,20,False,
rawFull,shuffledFolds,3,hiddenMarkovModel,unsupervised,154442,17161,,,0.458190,0.434893,0.468183,0.950734,0.388698,0.450924,,,,20,False,
rawFull,shuffledFolds,4,hiddenMarkovModel,unsupervised,154443,17160,,,0.470105,0.464811,0.481216,0.951875,0.407804,0.472871,,,,20,False,
rawFull,shuffledFolds,5,hiddenMarkovModel,unsupervised,154443,17160,,,0.469930,0.394649,0.477076,0.951818,0.404162,0.431965,,,,20,False,
rawFull,shuffledFolds,6,hiddenMarkovModel,unsupervised,154443,17160,,,0.444464,0.391899,0.445943,0.949336,0.368038,0.417178,,,,20,False,
rawFull,shuffledFolds,7,hiddenMarkovModel,unsupervised,154443,17160,,,0.453263,0.431517,0.436828,0.950132,0.374725,0.434156,,,,20,False,
rawFull,shuffledFolds,8,hiddenMarkovModel,unsupervised,154443,17160,,,0.551807,0.527836,0.531779,0.959153,0.497558,0.529800,,,,20,False,
rawFull,shuffledFolds,9,hiddenMarkovModel,unsupervised,154443,17160,,,0.429779,0.337431,0.437062,0.947928,0.357996,0.380838,,,,20,False,
rawFull,shuffledFolds,10,hiddenMarkovModel,unsupervised,154443,17160,,,0.444814,0.373702,0.434249,0.949377,0.360709,0.401707,,,,20,False,
rawFull,shuffledFolds,1,kMeans,unsupervised,154442,17161,,,0.458074,0.437702,0.441374,0.950570,0.399386,0.439530,,,,,,
rawFull,shuffledFolds,2,kMeans,unsupervised,154442,17161,,,0.430045,0.384188,0.414489,0.948012,0.366263,0.398764,,,,,,
rawFull,shuffledFolds,3,kMeans,unsupervised,154442,17161,,,0.456617,0.433626,0.438882,0.950414,0.398051,0.436239,,,,,,
rawFull,shuffledFolds,4,kMeans,unsupervised,154443,17160,,,0.461480,0.445095,0.445340,0.950890,0.407431,0.445217,,,,,,
rawFull,shuffledFolds,5,kMeans,unsupervised,154443,17160,,,0.456876,0.439560,0.441340,0.950466,0.402753,0.440448,,,,,,
rawFull,shuffledFolds,6,kMeans,unsupervised,154443,17160,,,0.492249,0.477860,0.474738,0.953696,0.443629,0.476294,,,,,,
rawFull,shuffledFolds,7,kMeans,unsupervised,154443,17160,,,0.459790,0.437283,0.444305,0.950721,0.402028,0.440766,,,,,,
rawFull,shuffledFolds,8,kMeans,unsupervised,154443,17160,,,0.459266,0.438668,0.440877,0.950654,0.400115,0.439770,,,,,,
rawFull,shuffledFolds,9,kMeans,unsupervised,154443,17160,,,0.499417,0.489676,0.478805,0.954341,0.449811,0.484179,,,,,,
rawFull,shuffledFolds,10,kMeans,unsupervised,154443,17160,,,0.485548,0.456412,0.466573,0.953076,0.431093,0.461436,,,,,,
rawFull,shuffledFolds,1,gaussianMixture,unsupervised,154442,17161,,,0.573568,0.551978,0.563333,0.961154,0.526539,0.557597,,,,,,True
rawFull,shuffledFolds,2,gaussianMixture,unsupervised,154442,17161,,,0.513199,0.477962,0.497657,0.955722,0.467220,0.487611,,,,,,True
rawFull,shuffledFolds,3,gaussianMixture,unsupervised,154442,17161,,,0.532370,0.467063,0.514786,0.957480,0.476006,0.489765,,,,,,True
rawFull,shuffledFolds,4,gaussianMixture,unsupervised,154443,17160,,,0.527156,0.476211,0.501731,0.956920,0.468618,0.488638,,,,,,True
rawFull,shuffledFolds,5,gaussianMixture,unsupervised,154443,17160,,,0.468998,0.466140,0.456848,0.951682,0.426999,0.461447,,,,,,True
rawFull,shuffledFolds,6,gaussianMixture,unsupervised,154443,17160,,,0.445629,0.471266,0.433293,0.949530,0.412717,0.451483,,,,,,True
rawFull,shuffledFolds,7,gaussianMixture,unsupervised,154443,17160,,,0.502622,0.456917,0.503822,0.954767,0.443817,0.479224,,,,,,True
rawFull,shuffledFolds,8,gaussianMixture,unsupervised,154443,17160,,,0.535082,0.476108,0.516671,0.957693,0.477412,0.495561,,,,,,True
rawFull,shuffledFolds,9,gaussianMixture,unsupervised,154443,17160,,,0.540793,0.492178,0.530696,0.958166,0.492583,0.510712,,,,,,True
rawFull,shuffledFolds,10,gaussianMixture,unsupervised,154443,17160,,,0.510723,0.432218,0.495502,0.955505,0.440459,0.461702,,,,,,True
rawFull,leaveOneSubjectOut,1,kNearestNeighbour,supervised,154015,17588,,5,0.584717,0.538641,0.591598,0.962095,0.546625,0.563879,,,,,,
rawFull,leaveOneSubjectOut,2,kNearestNeighbour,supervised,153837,17766,,5,0.586739,0.518346,0.577033,0.962271,0.535258,0.546117,,,,,,
rawFull,leaveOneSubjectOut,3,kNearestNeighbour,supervised,153912,17691,,5,0.728732,0.708965,0.722086,0.975206,0.692607,0.715465,,,,,,
rawFull,leaveOneSubjectOut,4,kNearestNeighbour,supervised,153938,17665,,5,0.703991,0.702680,0.698467,0.972911,0.649126,0.700567,,,,,,
rawFull,leaveOneSubjectOut,5,kNearestNeighbour,supervised,154629,16974,,5,0.643926,0.597408,0.647738,0.967623,0.611150,0.621556,,,,,,
rawFull,leaveOneSubjectOut,6,kNearestNeighbour,supervised,155500,16103,,5,0.638018,0.594275,0.646966,0.966975,0.606227,0.619502,,,,,,
rawFull,leaveOneSubjectOut,7,kNearestNeighbour,supervised,154477,17126,,5,0.754000,0.731921,0.754508,0.977606,0.732993,0.743043,,,,,,
rawFull,leaveOneSubjectOut,8,kNearestNeighbour,supervised,154937,16666,,5,0.585863,0.574290,0.580711,0.962129,0.563720,0.577483,,,,,,
rawFull,leaveOneSubjectOut,9,kNearestNeighbour,supervised,154424,17179,,5,0.687409,0.632461,0.688381,0.971508,0.646669,0.659237,,,,,,
rawFull,leaveOneSubjectOut,10,kNearestNeighbour,supervised,154758,16845,,5,0.627605,0.618133,0.640048,0.966214,0.602453,0.628900,,,,,,
features80,shuffledFolds,1,kNearestNeighbour,supervised,30403,3379,60,5,0.997336,0.997486,0.997496,0.999757,0.997491,0.997491,,,,,,
features80,shuffledFolds,2,kNearestNeighbour,supervised,30403,3379,61,3,0.997336,0.997504,0.997510,0.999756,0.997505,0.997507,,,,,,
features80,shuffledFolds,3,kNearestNeighbour,supervised,30404,3378,56,5,0.995856,0.996013,0.995999,0.999622,0.995991,0.996006,,,,,,
features80,shuffledFolds,4,kNearestNeighbour,supervised,30404,3378,59,3,0.997040,0.997257,0.997199,0.999729,0.997216,0.997228,,,,,,
features80,shuffledFolds,5,kNearestNeighbour,supervised,30404,3378,59,3,0.995856,0.996079,0.996083,0.999621,0.996074,0.996081,,,,,,
features80,shuffledFolds,6,kNearestNeighbour,supervised,30404,3378,58,3,0.997336,0.997527,0.997485,0.999756,0.997498,0.997506,,,,,,
features80,shuffledFolds,7,kNearestNeighbour,supervised,30404,3378,58,1,0.995263,0.995488,0.995489,0.999567,0.995487,0.995488,,,,,,
features80,shuffledFolds,8,kNearestNeighbour,supervised,30404,3378,60,3,0.995263,0.995507,0.995483,0.999567,0.995494,0.995495,,,,,,
features80,shuffledFolds,9,kNearestNeighbour,supervised,30404,3378,61,1,0.996152,0.996367,0.996373,0.999648,0.996368,0.996370,,,,,,
features80,shuffledFolds,10,kNearestNeighbour,supervised,30404,3378,59,3,0.997040,0.997150,0.997179,0.999730,0.997159,0.997165,,,,,,
features80,shuffledFolds,1,randomForest,supervised,30403,3379,60,,0.994969,0.995215,0.995137,0.999541,0.995167,0.995176,100,,,,,
features80,shuffledFolds,2,randomForest,supervised,30403,3379,61,,0.995857,0.996044,0.995514,0.999622,0.995766,0.995779,100,,,,,
features80,shuffledFolds,3,randomForest,supervised,30404,3378,56,,0.995263,0.995547,0.995512,0.999567,0.995512,0.995529,100,,,,,
features80,shuffledFolds,4,randomForest,supervised,30404,3378,59,,0.994079,0.993699,0.994280,0.999462,0.993978,0.993989,20,,,,,
features80,shuffledFolds,5,randomForest,supervised,30404,3378,59,,0.993191,0.993450,0.993462,0.999379,0.993422,0.993456,100,,,,,
features80,shuffledFolds,6,randomForest,supervised,30404,3378,58,,0.997632,0.997799,0.997771,0.999783,0.997778,0.997785,20,,,,,
features80,shuffledFolds,7,randomForest,supervised,30404,3378,58,,0.995560,0.995767,0.995774,0.999595,0.995761,0.995770,100,,,,,
features80,shuffledFolds,8,randomForest,supervised,30404,3378,60,,0.995560,0.995799,0.995807,0.999594,0.995801,0.995803,100,,,,,
features80,shuffledFolds,9,randomForest,supervised,30404,3378,61,,0.994967,0.995253,0.995241,0.999540,0.995237,0.995247,100,,,,,
features80,shuffledFolds,10,randomForest,supervised,30404,3378,59,,0.995856,0.996052,0.995514,0.999622,0.995773,0.995783,100,,,,,
features80,shuffledFolds,1,supportVectorMachine,supervised,30403,3379,60,,0.995265,0.995510,0.995519,0.999568,0.995499,0.995514,,2,-5,,,
features80,shuffledFolds,2,supportVectorMachine,supervised,30403,3379,61,,0.998816,0.998839,0.998860,0.999892,0.998845,0.998850,,6,-5,,,
features80,shuffledFolds,3,supportVectorMachine,supervised,30404,3378,56,,0.998520,0.998564,0.998575,0.999865,0.998568,0.998569,,6,-3,,,
features80,shuffledFolds,4,supportVectorMachine,supervised,30404,3378,59,,0.998224,0.998273,0.998252,0.999838,0.998262,0.998263,,6,-3,,,
features80,shuffledFolds,5,supportVectorMachine,supervised,30404,3378,59,,0.995263,0.995431,0.995437,0.999568,0.995411,0.995434,,6,-7,,,
features80,shuffledFolds,6,supportVectorMachine,supervised,30404,3378,58,,0.998224,0.998252,0.998273,0.999838,0.998258,0.998263,,2,-5,,,
features80,shuffledFolds,7,supportVectorMachine,supervised,30404,3378,58,,0.997632,0.997720,0.997736,0.999784,0.997726,0.997728,,6,-5,,,
features80,shuffledFolds,8,supportVectorMachine,supervised,30404,3378,60,,0.996448,0.996593,0.996595,0.999676,0.996592,0.996594,,2,-5,,,
features80,shuffledFolds,9,supportVectorMachine,supervised,30404,3378,61,,0.998224,0.998311,0.998298,0.999838,0.998304,0.998305,,6,-5,,,
features80,shuffledFolds,10,supportVectorMachine,supervised,30404,3378,59,,0.996448,0.996535,0.996557,0.999677,0.996529,0.996546,,6,-7,,,
features80,shuffledFolds,1,supervisedLearningGaussianMixture,supervised,30403,3379,60,,0.957384,0.958751,0.959107,0.996117,0.958202,0.958929,,,,,,
features80,shuffledFolds,2,supervisedLearningGaussianMixture,supervised,30403,3379,61,,0.959160,0.962096,0.961415,0.996274,0.960775,0.961755,,,,,,
features80,shuffledFolds,3,supervisedLearningGaussianMixture,supervised,30404,3378,56,,0.956779,0.958995,0.958094,0.996057,0.958051,0.958544,,,,,,
features80,shuffledFolds,4,supervisedLearningGaussianMixture,supervised,30404,3378,59,,0.959443,0.962193,0.960523,0.996299,0.960787,0.961357,,,,,,
features80,shuffledFolds,5,supervisedLearningGaussianMixture,supervised,30404,3378,59,,0.955299,0.958578,0.957105,0.995922,0.956995,0.957841,,,,,,
features80,shuffledFolds,6,supervisedLearningGaussianMixture,supervised,30404,3378,58,,0.957667,0.960343,0.958903,0.996140,0.958787,0.959623,,,,,,
features80,shuffledFolds,7,supervisedLearningGaussianMixture,supervised,30404,3378,58,,0.962700,0.965514,0.964758,0.996598,0.964102,0.965136,,,,,,
features80,shuffledFolds,8,supervisedLearningGaussianMixture,supervised,30404,3378,60,,0.953227,0.956155,0.955727,0.995734,0.954951,0.955941,,,,,,
features80,shuffledFolds,9,supervisedLearningGaussianMixture,supervised,30404,3378,61,,0.958851,0.961478,0.959435,0.996247,0.959541,0.960455,,,,,,
features80,shuffledFolds,10,supervisedLearningGaussianMixture,supervised,30404,3378,59,,0.955595,0.958936,0.956713,0.995952,0.956819,0.957823,,,,,,
features80,shuffledFolds,1,hiddenMarkovModel,unsupervised,30403,3379,60,,0.698431,0.634167,0.715111,0.972664,0.641662,0.672211,,,,20,False,
features80,shuffledFolds,2,hiddenMarkovModel,unsupervised,30403,3379,61,,0.652264,0.631213,0.670081,0.968235,0.620824,0.650066,,,,20,False,
features80,shuffledFolds,3,hiddenMarkovModel,unsupervised,30404,3378,56,,0.760213,0.733811,0.770061,0.978315,0.719424,0.751499,,,,20,False,
features80,shuffledFolds,4,hiddenMarkovModel,unsupervised,30404,3378,59,,0.771758,0.770732,0.782552,0.979119,0.758763,0.776597,,,,20,False,
features80,shuffledFolds,5,hiddenMarkovModel,unsupervised,30404,3378,59,,0.777087,0.743133,0.788146,0.979822,0.737515,0.764978,,,,20,False,
features80,shuffledFolds,6,hiddenMarkovModel,unsupervised,30404,3378,58,,0.676140,0.650495,0.694653,0.970671,0.638000,0.671849,,,,20,False,
features80,shuffledFolds,7,hiddenMarkovModel,unsupervised,30404,3378,58,,0.737419,0.730226,0.751943,0.975985,0.729717,0.740925,,,,20,False,
features80,shuffledFolds,8,hiddenMarkovModel,unsupervised,30404,3378,60,,0.666963,0.687129,0.684199,0.969563,0.658755,0.685661,,,,20,False,
features80,shuffledFolds,9,hiddenMarkovModel,unsupervised,30404,3378,61,,0.674956,0.672417,0.636256,0.970575,0.616669,0.653837,,,,20,False,
features80,shuffledFolds,10,hiddenMarkovModel,unsupervised,30404,3378,59,,0.733570,0.696539,0.745386,0.975964,0.691731,0.720135,,,,20,False,
features80,shuffledFolds,1,kMeans,unsupervised,30403,3379,60,,0.680675,0.625877,0.694257,0.970945,0.631184,0.658296,,,,,,
features80,shuffledFolds,2,kMeans,unsupervised,30403,3379,61,,0.692217,0.674277,0.697806,0.971883,0.666186,0.685840,,,,,,
features80,shuffledFolds,3,kMeans,unsupervised,30404,3378,56,,0.753404,0.732836,0.756078,0.977654,0.714232,0.744275,,,,,,
features80,shuffledFolds,4,kMeans,unsupervised,30404,3378,59,,0.754589,0.778567,0.758079,0.977567,0.744369,0.768186,,,,,,
features80,shuffledFolds,5,kMeans,unsupervised,30404,3378,59,,0.763470,0.751633,0.767131,0.978529,0.731713,0.759303,,,,,,
features80,shuffledFolds,6,kMeans,unsupervised,30404,3378,58,,0.707519,0.698253,0.676672,0.973571,0.661094,0.687293,,,,,,
features80,shuffledFolds,7,kMeans,unsupervised,30404,3378,58,,0.765542,0.780252,0.769082,0.978568,0.757117,0.774627,,,,,,
features80,shuffledFolds,8,kMeans,unsupervised,30404,3378,60,,0.770278,0.781860,0.772530,0.979002,0.759210,0.777167,,,,,,
features80,shuffledFolds,9,kMeans,unsupervised,30404,3378,61,,0.723209,0.706465,0.693769,0.974970,0.676655,0.700060,,,,,,
features80,shuffledFolds,10,kMeans,unsupervised,30404,3378,59,,0.720249,0.709382,0.692677,0.974692,0.676222,0.700930,,,,,,
features80,shuffledFolds,1,gaussianMixture,unsupervised,30403,3379,60,,0.635987,0.608605,0.657126,0.966719,0.596451,0.631936,,,,,,True
features80,shuffledFolds,2,gaussianMixture,unsupervised,30403,3379,61,,0.609352,0.611023,0.631500,0.964279,0.591262,0.621093,,,,,,True
features80,shuffledFolds,3,gaussianMixture,unsupervised,30404,3378,56,,0.753108,0.703467,0.713106,0.977608,0.680336,0.708254,,,,,,True
features80,shuffledFolds,4,gaussianMixture,unsupervised,30404,3378,59,,0.683541,0.657986,0.681405,0.971400,0.635627,0.669491,,,,,,True
features80,shuffledFolds,5,gaussianMixture,unsupervised,30404,3378,59,,0.823268,0.812257,0.833723,0.983851,0.813956,0.822850,,,,,,True
features80,shuffledFolds,6,gaussianMixture,unsupervised,30404,3378,58,,0.813203,0.810279,0.825665,0.982924,0.808196,0.817899,,,,,,True
features80,shuffledFolds,7,gaussianMixture,unsupervised,30404,3378,58,,0.722025,0.715333,0.737889,0.974570,0.711235,0.726436,,,,,,True
features80,shuffledFolds,8,gaussianMixture,unsupervised,30404,3378,60,,0.698046,0.702456,0.716588,0.972398,0.688238,0.709452,,,,,,True
features80,shuffledFolds,9,gaussianMixture,unsupervised,30404,3378,61,,0.807874,0.796823,0.820088,0.982452,0.799333,0.808288,,,,,,True
features80,shuffledFolds,10,gaussianMixture,unsupervised,30404,3378,59,,0.900237,0.903740,0.906220,0.991195,0.886458,0.904978,,,,,,True
features80,leaveOneSubjectOut,1,kNearestNeighbour,supervised,30315,3467,59,5,0.899625,0.862621,0.903809,0.990837,0.876030,0.882735,,,,,,
features80,leaveOneSubjectOut,2,kNearestNeighbour,supervised,30280,3502,62,5,0.903769,0.935001,0.880934,0.991204,0.886290,0.907163,,,,,,
features80,leaveOneSubjectOut,3,kNearestNeighbour,supervised,30295,3487,59,5,0.836822,0.814226,0.843873,0.985091,0.802774,0.828785,,,,,,
features80,leaveOneSubjectOut,4,kNearestNeighbour,supervised,30301,3481,59,5,0.904051,0.934458,0.905819,0.991235,0.888919,0.919916,,,,,,
features80,leaveOneSubjectOut,5,kNearestNeighbour,supervised,30439,3343,60,5,0.893808,0.934069,0.900895,0.990358,0.879782,0.917182,,,,,,
features80,leaveOneSubjectOut,6,kNearestNeighbour,supervised,30612,3170,59,5,0.979811,0.981504,0.972139,0.998155,0.975837,0.976799,,,,,,
features80,leaveOneSubjectOut,7,kNearestNeighbour,supervised,30429,3353,57,5,0.967492,0.964202,0.969668,0.997058,0.965705,0.966927,,,,,,
features80,leaveOneSubjectOut,8,kNearestNeighbour,supervised,30504,3278,60,1,0.931361,0.938559,0.935420,0.993772,0.930264,0.936987,,,,,,
features80,leaveOneSubjectOut,9,kNearestNeighbour,supervised,30398,3384,62,3,0.990248,0.990775,0.990469,0.999110,0.990531,0.990622,,,,,,
features80,leaveOneSubjectOut,10,kNearestNeighbour,supervised,30465,3317,58,5,0.878806,0.938481,0.888108,0.989083,0.864606,0.912600,,,,,,
features80,leaveOneSubjectOut,1,randomForest,supervised,30315,3467,59,,0.959908,0.967793,0.962052,0.996341,0.960350,0.964914,100,,,,,
features80,leaveOneSubjectOut,2,randomForest,supervised,30280,3502,62,,0.921473,0.943843,0.906621,0.992821,0.912215,0.924858,100,,,,,
features80,leaveOneSubjectOut,3,randomForest,supervised,30295,3487,59,,0.831660,0.827751,0.837766,0.984634,0.798308,0.832728,100,,,,,
features80,leaveOneSubjectOut,4,randomForest,supervised,30301,3481,59,,0.933065,0.957958,0.936203,0.993889,0.929630,0.946956,100,,,,,
features80,leaveOneSubjectOut,5,randomForest,supervised,30439,3343,60,,0.987137,0.983603,0.988017,0.998840,0.985316,0.985805,100,,,,,
features80,leaveOneSubjectOut,6,randomForest,supervised,30612,3170,59,,0.977918,0.982200,0.978072,0.997969,0.979148,0.980132,100,,,,,
features80,leaveOneSubjectOut,7,randomForest,supervised,30429,3353,57,,0.977035,0.979116,0.977631,0.997912,0.977382,0.978373,100,,,,,
features80,leaveOneSubjectOut,8,randomForest,supervised,30504,3278,60,,0.990543,0.991105,0.990657,0.999136,0.990860,0.990881,100,,,,,
features80,leaveOneSubjectOut,9,randomForest,supervised,30398,3384,62,,0.996158,0.996400,0.995347,0.999649,0.995823,0.995873,20,,,,,
features80,leaveOneSubjectOut,10,randomForest,supervised,30465,3317,58,,0.907145,0.946970,0.914402,0.991509,0.896443,0.930401,100,,,,,
features80,leaveOneSubjectOut,1,supportVectorMachine,supervised,30315,3467,59,,0.908278,0.870943,0.911169,0.991625,0.884064,0.890602,,1,-5,,,
features80,leaveOneSubjectOut,2,supportVectorMachine,supervised,30280,3502,62,,0.894061,0.936861,0.872091,0.990327,0.869574,0.903316,,1,-5,,,
features80,leaveOneSubjectOut,3,supportVectorMachine,supervised,30295,3487,59,,0.860338,0.838491,0.866347,0.987250,0.836300,0.852191,,6,-7,,,
features80,leaveOneSubjectOut,4,supportVectorMachine,supervised,30301,3481,59,,0.923298,0.955026,0.926879,0.992995,0.914886,0.940742,,1,-5,,,
features80,leaveOneSubjectOut,5,supportVectorMachine,supervised,30439,3343,60,,0.992522,0.992854,0.992586,0.999320,0.992556,0.992720,,1,-5,,,
features80,leaveOneSubjectOut,6,supportVectorMachine,supervised,30612,3170,59,,0.990852,0.991447,0.991038,0.999165,0.991045,0.991242,,1,-5,,,
features80,leaveOneSubjectOut,7,supportVectorMachine,supervised,30429,3353,57,,0.989562,0.990289,0.990215,0.999048,0.990056,0.990252,,1,-7,,,
features80,leaveOneSubjectOut,8,supportVectorMachine,supervised,30504,3278,60,,0.935021,0.951886,0.939412,0.994036,0.938807,0.945608,,2,-7,,,
features80,leaveOneSubjectOut,9,supportVectorMachine,supervised,30398,3384,62,,0.992021,0.992811,0.992492,0.999271,0.992497,0.992652,,1,-7,,,
features80,leaveOneSubjectOut,10,supportVectorMachine,supervised,30465,3317,58,,0.959301,0.969416,0.962400,0.996280,0.960932,0.965895,,6,-5,,,
features80,leaveOneSubjectOut,1,supervisedLearningGaussianMixture,supervised,30315,3467,59,,0.969714,0.971665,0.971964,0.997230,0.971347,0.971815,,,,,,
features80,leaveOneSubjectOut,2,supervisedLearningGaussianMixture,supervised,30280,3502,62,,0.926613,0.937628,0.919520,0.993284,0.924703,0.928486,,,,,,
features80,leaveOneSubjectOut,3,supervisedLearningGaussianMixture,supervised,30295,3487,59,,0.912819,0.934669,0.916979,0.992027,0.914156,0.925739,,,,,,
features80,leaveOneSubjectOut,4,supervisedLearningGaussianMixture,supervised,30301,3481,59,,0.915542,0.934932,0.917100,0.992282,0.913154,0.925930,,,,,,
features80,leaveOneSubjectOut,5,supervisedLearningGaussianMixture,supervised,30439,3343,60,,0.956626,0.957168,0.958818,0.996048,0.956964,0.957992,,,,,,
features80,leaveOneSubjectOut,6,supervisedLearningGaussianMixture,supervised,30612,3170,59,,0.969085,0.971670,0.969848,0.997175,0.969884,0.970758,,,,,,
features80,leaveOneSubjectOut,7,supervisedLearningGaussianMixture,supervised,30429,3353,57,,0.858634,0.837635,0.868344,0.987151,0.841408,0.852713,,,,,,
features80,leaveOneSubjectOut,8,supervisedLearningGaussianMixture,supervised,30504,3278,60,,0.885906,0.850514,0.895921,0.989537,0.866386,0.872627,,,,,,
features80,leaveOneSubjectOut,9,supervisedLearningGaussianMixture,supervised,30398,3384,62,,0.971631,0.973672,0.973196,0.997413,0.972933,0.973434,,,,,,
features80,leaveOneSubjectOut,10,supervisedLearningGaussianMixture,supervised,30465,3317,58,,0.943021,0.947560,0.946484,0.994828,0.944198,0.947021,,,,,,
