variant,protocol,learning,classifier,folds,accuracy,accuracyStd,attalF,macroRecall,macroPrecision,macroSpecificity,macroF1,macroF1Std
rawSubsample,shuffledFolds,supervised,kNearestNeighbour,10,0.918906,0.005500,0.912692,0.905928,0.919566,0.992598,0.910726,0.006573
rawSubsample,shuffledFolds,supervised,randomForest,10,0.913554,0.006350,0.907674,0.898213,0.917358,0.992102,0.904379,0.006978
rawSubsample,shuffledFolds,supervised,supportVectorMachine,10,0.903083,0.010568,0.898199,0.893756,0.902696,0.991157,0.896898,0.012337
rawSubsample,shuffledFolds,supervised,supervisedLearningGaussianMixture,10,0.762420,0.006444,0.742703,0.734579,0.751025,0.978319,0.734211,0.009264
rawSubsample,leaveOneSubjectOut,supervised,kNearestNeighbour,10,0.653968,0.064681,0.641854,0.648158,0.635835,0.968441,0.622206,0.063255
rawSubsample,leaveOneSubjectOut,supervised,randomForest,10,0.689764,0.080530,0.669968,0.682994,0.658719,0.971745,0.649365,0.092642
rawSubsample,leaveOneSubjectOut,supervised,supportVectorMachine,10,0.712604,0.074697,0.705583,0.707925,0.704227,0.973800,0.687850,0.082412
rawSubsample,leaveOneSubjectOut,supervised,supervisedLearningGaussianMixture,10,0.708071,0.064949,0.690793,0.681396,0.700861,0.973391,0.670430,0.065826
rawFull,shuffledFolds,supervised,kNearestNeighbour,10,0.954436,0.001853,0.950527,0.945437,0.955675,0.995839,0.949596,0.001792
rawFull,shuffledFolds,unsupervised,hiddenMarkovModel,10,0.466332,0.034963,0.442575,0.466204,0.422347,0.951391,0.398025,0.041254
rawFull,shuffledFolds,unsupervised,kMeans,10,0.465936,0.020599,0.446264,0.448672,0.444007,0.951284,0.410056,0.024832
rawFull,shuffledFolds,unsupervised,gaussianMixture,10,0.515014,0.036593,0.488374,0.501434,0.476804,0.955862,0.463237,0.033398
rawFull,leaveOneSubjectOut,supervised,kNearestNeighbour,10,0.654100,0.061663,0.637575,0.654754,0.621712,0.968454,0.618683,0.063149
features80,shuffledFolds,supervised,kNearestNeighbour,10,0.996448,0.000860,0.996634,0.996630,0.996638,0.999675,0.996628,0.000834
features80,shuffledFolds,supervised,randomForest,10,0.995293,0.001171,0.995432,0.995401,0.995462,0.999570,0.995419,0.001166
features80,shuffledFolds,supervised,supportVectorMachine,10,0.997306,0.001342,0.997407,0.997410,0.997403,0.999754,0.997399,0.001284
features80,shuffledFolds,supervised,supervisedLearningGaussianMixture,10,0.957611,0.002637,0.959740,0.959178,0.960304,0.996134,0.958901,0.002567
features80,shuffledFolds,unsupervised,hiddenMarkovModel,10,0.714880,0.046666,0.708776,0.723839,0.694986,0.974091,0.681306,0.052553
features80,shuffledFolds,unsupervised,kMeans,10,0.733115,0.032606,0.725598,0.727808,0.723940,0.975738,0.701798,0.045235
features80,shuffledFolds,unsupervised,gaussianMixture,10,0.744664,0.091705,0.742068,0.752331,0.732197,0.976740,0.721109,0.101221
features80,leaveOneSubjectOut,supervised,kNearestNeighbour,10,0.918579,0.048432,0.923972,0.919113,0.929390,0.992590,0.906074,0.058510
features80,leaveOneSubjectOut,supervised,randomForest,10,0.948204,0.051285,0.953092,0.948677,0.957674,0.995270,0.942547,0.061363
features80,leaveOneSubjectOut,supervised,supportVectorMachine,10,0.944525,0.047658,0.946522,0.944463,0.949002,0.994932,0.937072,0.058172
features80,leaveOneSubjectOut,supervised,supervisedLearningGaussianMixture,10,0.930959,0.038385,0.932652,0.933817,0.931711,0.993698,0.927513,0.045300
