variant,classifier,accuracy_shuffledFolds,accuracyStd_shuffledFolds,macroF1_shuffledFolds,macroF1Std_shuffledFolds,accuracy_leaveOneSubjectOut,accuracyStd_leaveOneSubjectOut,macroF1_leaveOneSubjectOut,macroF1Std_leaveOneSubjectOut,accuracyDropPoints_leaveOneSubjectOut,macroF1DropPoints_leaveOneSubjectOut
rawSubsample,kNearestNeighbour,0.918906,0.005500,0.910726,0.006573,0.653968,0.064681,0.622206,0.063255,26.493837,28.851954
rawSubsample,randomForest,0.913554,0.006350,0.904379,0.006978,0.689764,0.080530,0.649365,0.092642,22.379041,25.501459
rawSubsample,supportVectorMachine,0.903083,0.010568,0.896898,0.012337,0.712604,0.074697,0.687850,0.082412,19.047877,20.904829
rawSubsample,supervisedLearningGaussianMixture,0.762420,0.006444,0.734211,0.009264,0.708071,0.064949,0.670430,0.065826,5.434925,6.378173
rawFull,kNearestNeighbour,0.954436,0.001853,0.949596,0.001792,0.654100,0.061663,0.618683,0.063149,30.033562,33.091280
features80,kNearestNeighbour,0.996448,0.000860,0.996628,0.000834,0.918579,0.048432,0.906074,0.058510,7.786848,9.055457
features80,randomForest,0.995293,0.001171,0.995419,0.001166,0.948204,0.051285,0.942547,0.061363,4.708894,5.287204
features80,supportVectorMachine,0.997306,0.001342,0.997399,0.001284,0.944525,0.047658,0.937072,0.058172,5.278096,6.032745
features80,supervisedLearningGaussianMixture,0.957611,0.002637,0.958901,0.002567,0.930959,0.038385,0.927513,0.045300,2.665138,3.138768
