feature,tBodyAcc-mean()-X,tBodyAcc-mean()-Y,tBodyAcc-mean()-Z,tBodyAcc-std()-X,tBodyAcc-std()-Y,tBodyAcc-std()-Z,tGravityAcc-mean()-X,tGravityAcc-mean()-Y,tGravityAcc-mean()-Z,tBodyAccMag-mean(),tBodyGyroMag-mean(),fBodyAccMag-mean()
tBodyAcc-mean()-X,1.000000,0.128037,-0.230302,0.004590,-0.016785,-0.036071,0.031592,-0.032283,-0.027090,-0.018993,-0.023592,-0.009896
tBodyAcc-mean()-Y,0.128037,1.000000,-0.029882,-0.046352,-0.046996,-0.054153,0.004203,0.008643,0.017936,-0.048191,-0.057560,-0.036901
tBodyAcc-mean()-Z,-0.230302,-0.029882,1.000000,-0.024185,-0.023745,-0.015632,-0.007248,0.015774,0.028583,-0.016758,-0.051827,-0.013637
tBodyAcc-std()-X,0.004590,-0.046352,-0.024185,1.000000,0.922525,0.861910,0.381873,-0.469641,-0.409735,0.979603,0.919807,0.974329
tBodyAcc-std()-Y,-0.016785,-0.046996,-0.023745,0.922525,1.000000,0.888259,0.403240,-0.531006,-0.444315,0.965156,0.947837,0.936293
tBodyAcc-std()-Z,-0.036071,-0.054153,-0.015632,0.861910,0.888259,1.000000,0.380051,-0.480712,-0.509178,0.921631,0.930893,0.890727
tGravityAcc-mean()-X,0.031592,0.004203,-0.007248,0.381873,0.403240,0.380051,1.000000,-0.770334,-0.658139,0.392644,0.386081,0.383442
tGravityAcc-mean()-Y,-0.032283,0.008643,0.015774,-0.469641,-0.531006,-0.480712,-0.770334,1.000000,0.613744,-0.499952,-0.501015,-0.471932
tGravityAcc-mean()-Z,-0.027090,0.017936,0.028583,-0.409735,-0.444315,-0.509178,-0.658139,0.613744,1.000000,-0.445679,-0.457873,-0.426600
tBodyAccMag-mean(),-0.018993,-0.048191,-0.016758,0.979603,0.965156,0.921631,0.392644,-0.499952,-0.445679,1.000000,0.955617,0.971293
tBodyGyroMag-mean(),-0.023592,-0.057560,-0.051827,0.919807,0.947837,0.930893,0.386081,-0.501015,-0.457873,0.955617,1.000000,0.931628
fBodyAccMag-mean(),-0.009896,-0.036901,-0.013637,0.974329,0.936293,0.890727,0.383442,-0.471932,-0.426600,0.971293,0.931628,1.000000
