subject,classLabel,className,segments,frames,seconds,minSegmentSeconds,medianSegmentSeconds,maxSegmentSeconds,shareOfSegmentsInPaperRange
1,1,NULL,287,23310,728.437500,0.312500,0.937500,198.031250,0.236934
1,2,Open window,26,2826,88.312500,2.687500,3.312500,5.875000,1.000000
1,3,Drink,26,3894,121.687500,4.062500,4.687500,5.375000,1.000000
1,4,Water plant,26,3734,116.687500,3.812500,4.437500,5.062500,1.000000
1,5,Close window,26,3368,105.250000,3.312500,4.000000,4.937500,1.000000
1,6,Cut,26,4548,142.125000,3.750000,5.593750,7.375000,1.000000
1,7,Chop,26,4504,140.750000,4.437500,5.406250,7.062500,1.000000
1,8,Stir,26,4612,144.125000,4.812500,5.406250,7.187500,1.000000
1,9,Book,26,6010,187.812500,6.125000,7.250000,8.437500,0.923077
1,10,Forehand,26,2030,63.437500,1.875000,2.437500,3.375000,0.923077
1,11,Backhand,26,1824,57.000000,1.750000,2.187500,2.875000,0.884615
1,12,Smash,26,1820,56.875000,1.750000,2.187500,2.750000,0.769231
2,1,NULL,287,30089,940.281250,0.250000,0.937500,182.687500,0.181185
2,2,Open window,26,2545,79.531250,2.187500,2.906250,6.312500,1.000000
2,3,Drink,26,3972,124.125000,4.062500,4.718750,5.750000,1.000000
2,4,Water plant,26,4476,139.875000,4.000000,5.343750,6.562500,1.000000
2,5,Close window,26,2986,93.312500,2.500000,3.531250,4.750000,1.000000
2,6,Cut,26,4762,148.812500,4.312500,5.687500,6.937500,1.000000
2,7,Chop,26,4536,141.750000,4.437500,5.437500,7.125000,1.000000
2,8,Stir,26,4982,155.687500,5.000000,5.812500,7.875000,1.000000
2,9,Book,26,6982,218.187500,5.937500,8.156250,12.437500,0.461538
2,10,Forehand,26,2094,65.437500,1.437500,2.531250,3.125000,0.923077
2,11,Backhand,26,1798,56.187500,1.000000,2.218750,2.750000,0.807692
2,12,Smash,26,1556,48.625000,1.250000,1.875000,2.562500,0.423077
