replacement,configuration,sensors,scheme,precisionAllPublished,precisionAllFillFree,precisionAllChange,recallAllPublished,recallAllFillFree,recallAllChange,precisionNonNullPublished,precisionNonNullFillFree,precisionNonNullChange,recallNonNullPublished,recallNonNullFillFree,recallNonNullChange
mean,handAccelerometer,acc_1,personDependent,0.738572,0.738057,-0.000515,0.708650,0.708490,-0.000160,0.740725,0.740178,-0.000546,0.705046,0.705046,0.000000
mean,handAccelerometer,acc_1,personIndependent,0.388413,0.388330,-0.000083,0.327113,0.326803,-0.000310,0.364124,0.364124,0.000000,0.296833,0.296833,0.000000
mean,hand,acc_1+gyr_1,personDependent,0.789544,0.789544,0.000000,0.783812,0.783812,0.000000,0.794741,0.794741,0.000000,0.788044,0.788044,0.000000
mean,hand,acc_1+gyr_1,personIndependent,0.433107,0.432358,-0.000749,0.382520,0.382166,-0.000355,0.413001,0.412295,-0.000706,0.350405,0.350405,0.000000
mean,lowerArm,acc_2+gyr_2,personDependent,0.775261,0.766655,-0.008606,0.760223,0.750562,-0.009661,0.780499,0.771745,-0.008754,0.763386,0.753252,-0.010134
mean,lowerArm,acc_2+gyr_2,personIndependent,0.444222,0.441708,-0.002515,0.413647,0.413795,0.000148,0.425613,0.422612,-0.003001,0.389402,0.389694,0.000292
mean,upperArm,acc_3+gyr_3,personDependent,0.775514,0.775751,0.000236,0.764095,0.764144,0.000049,0.781853,0.782115,0.000262,0.766654,0.766654,0.000000
mean,upperArm,acc_3+gyr_3,personIndependent,0.332966,0.332772,-0.000194,0.255489,0.255135,-0.000355,0.316724,0.316673,-0.000051,0.229627,0.229627,0.000000
mean,handLowerArm,acc_1+gyr_1+acc_2+gyr_2,personDependent,0.825887,0.825800,-0.000087,0.822838,0.820656,-0.002183,0.831667,0.831809,0.000142,0.829312,0.826916,-0.002396
mean,handLowerArm,acc_1+gyr_1+acc_2+gyr_2,personIndependent,0.546434,0.544317,-0.002118,0.488524,0.488272,-0.000251,0.534803,0.532478,-0.002325,0.465325,0.465708,0.000383
mean,handUpperArm,acc_1+gyr_1+acc_3+gyr_3,personDependent,0.843401,0.843401,0.000000,0.849204,0.849204,0.000000,0.849913,0.849913,0.000000,0.857161,0.857161,0.000000
mean,handUpperArm,acc_1+gyr_1+acc_3+gyr_3,personIndependent,0.533366,0.533366,0.000000,0.455267,0.455267,0.000000,0.520946,0.520946,0.000000,0.429283,0.429283,0.000000
mean,lowerUpperArm,acc_2+gyr_2+acc_3+gyr_3,personDependent,0.823957,0.821560,-0.002397,0.817944,0.814092,-0.003852,0.829942,0.827377,-0.002566,0.824010,0.819748,-0.004262
mean,lowerUpperArm,acc_2+gyr_2+acc_3+gyr_3,personIndependent,0.527892,0.526356,-0.001536,0.452060,0.447962,-0.004098,0.513965,0.512880,-0.001085,0.436585,0.433708,-0.002877
mean,allPlacements,acc_1+gyr_1+acc_2+gyr_2+acc_3+gyr_3,personDependent,0.843066,0.842524,-0.000542,0.847975,0.847599,-0.000376,0.849258,0.848642,-0.000616,0.856203,0.855770,-0.000433
mean,allPlacements,acc_1+gyr_1+acc_2+gyr_2+acc_3+gyr_3,personIndependent,0.579537,0.579976,0.000438,0.519301,0.518558,-0.000743,0.565920,0.566490,0.000570,0.501676,0.500999,-0.000677
interpolate,handAccelerometer,acc_1,personDependent,0.738572,0.738415,-0.000157,0.708650,0.708643,-0.000007,0.740725,0.740492,-0.000233,0.705046,0.705046,0.000000
interpolate,handAccelerometer,acc_1,personIndependent,0.388413,0.388852,0.000439,0.327113,0.327113,0.000000,0.364124,0.364648,0.000524,0.296833,0.296833,0.000000
interpolate,hand,acc_1+gyr_1,personDependent,0.789544,0.789544,0.000000,0.783812,0.783812,0.000000,0.794741,0.794741,0.000000,0.788044,0.788044,0.000000
interpolate,hand,acc_1+gyr_1,personIndependent,0.433107,0.433006,-0.000101,0.382520,0.382144,-0.000376,0.413001,0.412938,-0.000063,0.350405,0.349973,-0.000432
interpolate,lowerArm,acc_2+gyr_2,personDependent,0.775261,0.770822,-0.004439,0.760223,0.754229,-0.005994,0.780499,0.775713,-0.004785,0.763386,0.757368,-0.006018
interpolate,lowerArm,acc_2+gyr_2,personIndependent,0.444222,0.448456,0.004233,0.413647,0.416176,0.002529,0.425613,0.430000,0.004387,0.389402,0.391157,0.001755
interpolate,upperArm,acc_3+gyr_3,personDependent,0.775514,0.775514,0.000000,0.764095,0.764095,0.000000,0.781853,0.781853,0.000000,0.766654,0.766654,0.000000
interpolate,upperArm,acc_3+gyr_3,personIndependent,0.332966,0.332735,-0.000231,0.255489,0.255146,-0.000344,0.316724,0.316671,-0.000053,0.229627,0.229627,0.000000
interpolate,handLowerArm,acc_1+gyr_1+acc_2+gyr_2,personDependent,0.825887,0.821306,-0.004580,0.822838,0.818794,-0.004045,0.831667,0.826945,-0.004721,0.829312,0.824833,-0.004479
interpolate,handLowerArm,acc_1+gyr_1+acc_2+gyr_2,personIndependent,0.546434,0.541547,-0.004887,0.488524,0.489935,0.001412,0.534803,0.529284,-0.005519,0.465325,0.467303,0.001978
interpolate,handUpperArm,acc_1+gyr_1+acc_3+gyr_3,personDependent,0.843401,0.843347,-0.000054,0.849204,0.848903,-0.000301,0.849913,0.849929,0.000016,0.857161,0.856825,-0.000336
interpolate,handUpperArm,acc_1+gyr_1+acc_3+gyr_3,personIndependent,0.533366,0.533266,-0.000100,0.455267,0.454873,-0.000394,0.520946,0.520860,-0.000087,0.429283,0.428852,-0.000432
interpolate,lowerUpperArm,acc_2+gyr_2+acc_3+gyr_3,personDependent,0.823957,0.817853,-0.006104,0.817944,0.812681,-0.005263,0.829942,0.823407,-0.006536,0.824010,0.818342,-0.005669
interpolate,lowerUpperArm,acc_2+gyr_2+acc_3+gyr_3,personIndependent,0.527892,0.518725,-0.009168,0.452060,0.444432,-0.007628,0.513965,0.504623,-0.009341,0.436585,0.429165,-0.007420
interpolate,allPlacements,acc_1+gyr_1+acc_2+gyr_2+acc_3+gyr_3,personDependent,0.843066,0.839002,-0.004065,0.847975,0.845482,-0.002493,0.849258,0.844717,-0.004541,0.856203,0.853730,-0.002473
interpolate,allPlacements,acc_1+gyr_1+acc_2+gyr_2+acc_3+gyr_3,personIndependent,0.579537,0.576344,-0.003193,0.519301,0.516114,-0.003187,0.565920,0.562895,-0.003025,0.501676,0.498314,-0.003362
