referenceId,comparedAs,comparedClassifier,section,page,scheme,paperConfiguration,ourConfiguration,stepVariant,paperPrecision,paperRecall,ourPrecision_all12ZeroPrecision,ourRecall_all12ZeroPrecision,precisionDifference_all12ZeroPrecision,recallDifference_all12ZeroPrecision,absoluteGap_all12ZeroPrecision,ourPrecision_nonNull11ZeroPrecision,ourRecall_nonNull11ZeroPrecision,precisionDifference_nonNull11ZeroPrecision,recallDifference_nonNull11ZeroPrecision,absoluteGap_nonNull11ZeroPrecision,ourPrecision_all12DefinedPrecision,ourRecall_all12DefinedPrecision,precisionDifference_all12DefinedPrecision,recallDifference_all12DefinedPrecision,absoluteGap_all12DefinedPrecision,ourPrecision_nonNull11DefinedPrecision,ourRecall_nonNull11DefinedPrecision,precisionDifference_nonNull11DefinedPrecision,recallDifference_nonNull11DefinedPrecision,absoluteGap_nonNull11DefinedPrecision,bestGapAllClasses,bestGapGestureClasses,closerClassSet,classSetMargin,precisionConvention,duplicateOf
5.1-pd-handAccelerometer,main,kNearestNeighbour,5.1,33:20,personDependent,handAccelerometer,handAccelerometer.kNearestNeighbour.paperStep,paperStep,76.200000,44.200000,73.857191,70.864997,-2.342809,26.664997,29.007806,74.072468,70.504605,-2.127532,26.304605,28.432137,73.974788,70.864997,-2.225212,26.664997,28.890210,74.202960,70.504605,-1.997040,26.304605,28.301645,28.890210,28.301645,gesture classes,0.588565,defined precision closer,
5.1-pd-handAccelerometer,main,kNearestNeighbour,5.1,33:20,personDependent,handAccelerometer,handAccelerometer.kNearestNeighbour.toolboxStep,toolboxStep,76.200000,44.200000,76.176483,76.917290,-0.023517,32.717290,32.740806,76.294571,76.883325,0.094571,32.683325,32.777896,76.176483,76.917290,-0.023517,32.717290,32.740806,76.294571,76.883325,0.094571,32.683325,32.777896,32.740806,32.777896,all classes,0.037089,"same, no class went unpredicted",
5.1-pd-handAccelerometer,secondRow,nearestClassCentroid,5.1,33:20,personDependent,handAccelerometer,handAccelerometer.nearestClassCentroid.paperStep,paperStep,76.200000,44.200000,67.051784,56.402894,-9.148216,12.202894,21.351110,67.125817,54.239266,-9.074183,10.039266,19.113449,68.198184,56.402894,-8.001816,12.202894,20.204710,68.360016,54.239266,-7.839984,10.039266,17.879250,20.204710,17.879250,gesture classes,2.325459,defined precision closer,
5.1-pd-handAccelerometer,secondRow,nearestClassCentroid,5.1,33:20,personDependent,handAccelerometer,handAccelerometer.nearestClassCentroid.toolboxStep,toolboxStep,76.200000,44.200000,67.701827,57.315484,-8.498173,13.115484,21.613657,67.530879,54.915431,-8.669121,10.715431,19.384552,67.701827,57.315484,-8.498173,13.115484,21.613657,67.530879,54.915431,-8.669121,10.715431,19.384552,21.613657,19.384552,gesture classes,2.229106,"same, no class went unpredicted",
5.1-pd-handAccelerometer,sensitivityRow,toolboxNearestNeighbours,5.1,33:20,personDependent,handAccelerometer,handAccelerometer.toolboxNearestNeighbours.paperStep,paperStep,76.200000,44.200000,77.597041,71.258135,1.397041,27.058135,28.455175,78.344669,70.056835,2.144669,25.856835,28.001504,78.303555,71.258135,2.103555,27.058135,29.161689,79.115456,70.056835,2.915456,25.856835,28.772290,28.455175,28.001504,gesture classes,0.453672,zero precision closer,
5.1-pd-allSensors,main,kNearestNeighbour,5.1,33:20,personDependent,allSensors,allSensors.kNearestNeighbour.paperStep,paperStep,94.100000,62.400000,84.306615,84.797515,-9.793385,22.397515,32.190901,84.925780,85.620331,-9.174220,23.220331,32.394552,84.436576,84.797515,-9.663424,22.397515,32.060939,85.071731,85.620331,-9.028269,23.220331,32.248600,32.060939,32.248600,all classes,0.187661,defined precision closer,
5.1-pd-allSensors,main,kNearestNeighbour,5.1,33:20,personDependent,allSensors,allSensors.kNearestNeighbour.toolboxStep,toolboxStep,94.100000,62.400000,87.750428,90.018111,-6.349572,27.618111,33.967683,88.047225,90.712723,-6.052775,28.312723,34.365499,87.750428,90.018111,-6.349572,27.618111,33.967683,88.047225,90.712723,-6.052775,28.312723,34.365499,33.967683,34.365499,all classes,0.397816,"same, no class went unpredicted",
5.1-pd-allSensors,secondRow,nearestClassCentroid,5.1,33:20,personDependent,allSensors,allSensors.nearestClassCentroid.paperStep,paperStep,94.100000,62.400000,74.493541,61.383044,-19.606459,-1.016956,20.623415,75.282371,59.355423,-18.817629,-3.044577,21.862205,76.266542,61.383044,-17.833458,-1.016956,18.850414,77.242176,59.355423,-16.857824,-3.044577,19.902401,18.850414,19.902401,all classes,1.051987,defined precision closer,
5.1-pd-allSensors,secondRow,nearestClassCentroid,5.1,33:20,personDependent,allSensors,allSensors.nearestClassCentroid.toolboxStep,toolboxStep,94.100000,62.400000,76.466891,63.258105,-17.633109,0.858105,18.491215,77.229300,61.190042,-16.870700,-1.209958,18.080658,76.466891,63.258105,-17.633109,0.858105,18.491215,77.229300,61.190042,-16.870700,-1.209958,18.080658,18.491215,18.080658,gesture classes,0.410556,"same, no class went unpredicted",
5.1-pd-allSensors,sensitivityRow,toolboxNearestNeighbours,5.1,33:20,personDependent,allSensors,allSensors.toolboxNearestNeighbours.paperStep,paperStep,94.100000,62.400000,86.812794,84.326379,-7.287206,21.926379,29.213585,87.794653,84.396652,-6.305347,21.996652,28.301998,87.093604,84.326379,-7.006396,21.926379,28.932775,88.110718,84.396652,-5.989282,21.996652,27.985934,28.932775,27.985934,gesture classes,0.946842,defined precision closer,
5.1-pi-handAccelerometer,main,kNearestNeighbour,5.1,33:20,personIndependent,handAccelerometer,handAccelerometer.kNearestNeighbour.paperStep,paperStep,44.700000,21.400000,38.841294,32.711329,-5.858706,11.311329,17.170034,36.412384,29.683258,-8.287616,8.283258,16.570874,38.841294,32.711329,-5.858706,11.311329,17.170034,36.412384,29.683258,-8.287616,8.283258,16.570874,17.170034,16.570874,gesture classes,0.599160,"same, no class went unpredicted",
5.1-pi-handAccelerometer,main,kNearestNeighbour,5.1,33:20,personIndependent,handAccelerometer,handAccelerometer.kNearestNeighbour.toolboxStep,toolboxStep,44.700000,21.400000,40.539944,35.943681,-4.160056,14.543681,18.703736,38.084540,32.281317,-6.615460,10.881317,17.496777,40.539944,35.943681,-4.160056,14.543681,18.703736,38.084540,32.281317,-6.615460,10.881317,17.496777,18.703736,17.496777,gesture classes,1.206959,"same, no class went unpredicted",
5.1-pi-handAccelerometer,secondRow,nearestClassCentroid,5.1,33:20,personIndependent,handAccelerometer,handAccelerometer.nearestClassCentroid.paperStep,paperStep,44.700000,21.400000,43.101720,38.213725,-1.598280,16.813725,18.412005,40.063920,36.874265,-4.636080,15.474265,20.110346,43.101720,38.213725,-1.598280,16.813725,18.412005,40.063920,36.874265,-4.636080,15.474265,20.110346,18.412005,20.110346,all classes,1.698341,"same, no class went unpredicted",
5.1-pi-handAccelerometer,secondRow,nearestClassCentroid,5.1,33:20,personIndependent,handAccelerometer,handAccelerometer.nearestClassCentroid.toolboxStep,toolboxStep,44.700000,21.400000,46.374280,39.510469,1.674280,18.110469,19.784749,43.235512,37.994616,-1.464488,16.594616,18.059105,46.374280,39.510469,1.674280,18.110469,19.784749,43.235512,37.994616,-1.464488,16.594616,18.059105,19.784749,18.059105,gesture classes,1.725645,"same, no class went unpredicted",
5.1-pi-handAccelerometer,sensitivityRow,toolboxNearestNeighbours,5.1,33:20,personIndependent,handAccelerometer,handAccelerometer.toolboxNearestNeighbours.paperStep,paperStep,44.700000,21.400000,40.918918,36.005581,-3.781082,14.605581,18.386662,38.627031,32.346728,-6.072969,10.946728,17.019696,40.918918,36.005581,-3.781082,14.605581,18.386662,38.627031,32.346728,-6.072969,10.946728,17.019696,18.386662,17.019696,gesture classes,1.366966,"same, no class went unpredicted",
5.1-pi-allSensors,main,kNearestNeighbour,5.1,33:20,personIndependent,allSensors,allSensors.kNearestNeighbour.paperStep,paperStep,63.000000,39.500000,57.953722,51.930079,-5.046278,12.430079,17.476358,56.591991,50.167650,-6.408009,10.667650,17.075659,57.953722,51.930079,-5.046278,12.430079,17.476358,56.591991,50.167650,-6.408009,10.667650,17.075659,17.476358,17.075659,gesture classes,0.400699,"same, no class went unpredicted",
5.1-pi-allSensors,main,kNearestNeighbour,5.1,33:20,personIndependent,allSensors,allSensors.kNearestNeighbour.toolboxStep,toolboxStep,63.000000,39.500000,60.430215,53.829914,-2.569785,14.329914,16.899699,59.150025,51.672039,-3.849975,12.172039,16.022014,60.430215,53.829914,-2.569785,14.329914,16.899699,59.150025,51.672039,-3.849975,12.172039,16.022014,16.899699,16.022014,gesture classes,0.877686,"same, no class went unpredicted",
5.1-pi-allSensors,secondRow,nearestClassCentroid,5.1,33:20,personIndependent,allSensors,allSensors.nearestClassCentroid.paperStep,paperStep,63.000000,39.500000,55.415782,47.902783,-7.584218,8.402783,15.987001,53.145747,46.893963,-9.854253,7.393963,17.248216,55.415782,47.902783,-7.584218,8.402783,15.987001,53.145747,46.893963,-9.854253,7.393963,17.248216,15.987001,17.248216,all classes,1.261215,"same, no class went unpredicted",
5.1-pi-allSensors,secondRow,nearestClassCentroid,5.1,33:20,personIndependent,allSensors,allSensors.nearestClassCentroid.toolboxStep,toolboxStep,63.000000,39.500000,57.505385,48.772199,-5.494615,9.272199,14.766815,55.099471,47.678379,-7.900529,8.178379,16.078908,57.505385,48.772199,-5.494615,9.272199,14.766815,55.099471,47.678379,-7.900529,8.178379,16.078908,14.766815,16.078908,all classes,1.312093,"same, no class went unpredicted",
5.1-pi-allSensors,sensitivityRow,toolboxNearestNeighbours,5.1,33:20,personIndependent,allSensors,allSensors.toolboxNearestNeighbours.paperStep,paperStep,63.000000,39.500000,64.366610,52.664645,1.366610,13.164645,14.531255,63.614935,50.433509,0.614935,10.933509,11.548443,64.366610,52.664645,1.366610,13.164645,14.531255,63.614935,50.433509,0.614935,10.933509,11.548443,14.531255,11.548443,gesture classes,2.982812,"same, no class went unpredicted",
5.4-pd-hand,main,kNearestNeighbour,5.4,33:22,personDependent,hand,hand,paperStep,87.200000,55.100000,78.954365,78.381175,-8.245635,23.281175,31.526809,79.474147,78.804395,-7.725853,23.704395,31.430248,79.430095,78.381175,-7.769905,23.281175,31.051080,79.994252,78.804395,-7.205748,23.704395,30.910143,31.051080,30.910143,gesture classes,0.140937,defined precision closer,
5.4-pi-upperArm,main,kNearestNeighbour,5.4,33:22,personIndependent,upperArm,upperArm,paperStep,30.200000,11.400000,33.296592,25.548950,3.096592,14.148950,17.245542,31.672429,22.962666,1.472429,11.562666,13.035094,33.296592,25.548950,3.096592,14.148950,17.245542,31.672429,22.962666,1.472429,11.562666,13.035094,17.245542,13.035094,gesture classes,4.210448,"same, no class went unpredicted",
5.5-pd-accAll,main,kNearestNeighbour,5.5,33:23,personDependent,accAll,accAll,paperStep,90.400000,58.600000,81.972454,82.099884,-8.427546,23.499884,31.927429,82.513434,82.800144,-7.886566,24.200144,32.086710,82.100010,82.099884,-8.299990,23.499884,31.799873,82.655096,82.800144,-7.744904,24.200144,31.945048,31.799873,31.945048,all classes,0.145174,defined precision closer,
5.5-pd-bestGyroscope,main,kNearestNeighbour,5.5,33:23,personDependent,bestGyroscopeOnly,gyrAll,paperStep,85.200000,46.400000,76.283422,74.892012,-8.916578,28.492012,37.408590,76.741535,75.065020,-8.458465,28.665020,37.123485,76.532121,74.892012,-8.667879,28.492012,37.159892,77.017800,75.065020,-8.182200,28.665020,36.847220,37.159892,36.847220,gesture classes,0.312672,defined precision closer,
5.6-pd-svm,main,supportVectorMachine,5.6,33:24,personDependent,allSensors,allSensors.supportVectorMachine.paperStep,paperStep,96.000000,84.800000,88.632636,83.804481,-7.367364,-0.995519,8.362883,90.063672,83.456532,-5.936328,-1.343468,7.279796,88.900446,83.804481,-7.099554,-0.995519,8.095073,90.355522,83.456532,-5.644478,-1.343468,6.987946,8.095073,6.987946,gesture classes,1.107126,defined precision closer,
5.6-pd-naiveBayes,main,gaussianNaiveBayes,5.6,33:24,personDependent,allSensors,allSensors.gaussianNaiveBayes.paperStep,paperStep,78.200000,69.200000,77.080283,70.304571,-1.119717,1.104571,2.224287,77.645058,70.785126,-0.554942,1.585126,2.140069,77.080283,70.304571,-1.119717,1.104571,2.224287,77.645058,70.785126,-0.554942,1.585126,2.140069,2.224287,2.140069,gesture classes,0.084219,"same, no class went unpredicted",
5.6-pd-naiveBayes,main,gaussianNaiveBayes,5.6,33:24,personDependent,allSensors,allSensors.gaussianNaiveBayes.toolboxStep,toolboxStep,78.200000,69.200000,76.618963,71.459171,-1.581037,2.259171,3.840208,76.685680,72.078945,-1.514320,2.878945,4.393265,76.618963,71.459171,-1.581037,2.259171,3.840208,76.685680,72.078945,-1.514320,2.878945,4.393265,3.840208,4.393265,all classes,0.553056,"same, no class went unpredicted",
5.6-pd-kNearestNeighbour,main,kNearestNeighbour,5.6,33:24,personDependent,allSensors,allSensors.kNearestNeighbour.paperStep,paperStep,94.100000,62.400000,84.306615,84.797515,-9.793385,22.397515,32.190901,84.925780,85.620331,-9.174220,23.220331,32.394552,84.436576,84.797515,-9.663424,22.397515,32.060939,85.071731,85.620331,-9.028269,23.220331,32.248600,32.060939,32.248600,all classes,0.187661,defined precision closer,5.1-pd-allSensors
5.6-pd-kNearestNeighbour,main,kNearestNeighbour,5.6,33:24,personDependent,allSensors,allSensors.kNearestNeighbour.toolboxStep,toolboxStep,94.100000,62.400000,87.750428,90.018111,-6.349572,27.618111,33.967683,88.047225,90.712723,-6.052775,28.312723,34.365499,87.750428,90.018111,-6.349572,27.618111,33.967683,88.047225,90.712723,-6.052775,28.312723,34.365499,33.967683,34.365499,all classes,0.397816,"same, no class went unpredicted",5.1-pd-allSensors
5.7-pd-mRMR150,main,kNearestNeighbour,5.7,33:25,personDependent,allSensors,allSensors.All.mRMR,paperStep,91.900000,59.700000,81.071595,79.561904,-10.828405,19.861904,30.690309,81.629019,79.956201,-10.270981,20.256201,30.527182,81.424716,79.561904,-10.475284,19.861904,30.337189,82.016407,79.956201,-9.883593,20.256201,30.139794,30.337189,30.139794,gesture classes,0.197395,defined precision closer,
5.7-pi-mRMR150,main,kNearestNeighbour,5.7,33:25,personIndependent,allSensors,allSensors.All.mRMR,paperStep,60.800000,37.300000,57.032771,52.904914,-3.767229,15.604914,19.372143,55.439553,51.403038,-5.360447,14.103038,19.463485,57.032771,52.904914,-3.767229,15.604914,19.372143,55.439553,51.403038,-5.360447,14.103038,19.463485,19.372143,19.463485,all classes,0.091342,"same, no class went unpredicted",
