referenceId,referenceType,section,page,scheme,configuration,classifier,selectedFeatures,paperPrecision,paperRecall,paperSentence,source
5.1-pd-handAccelerometer,value,5.1,33:20,personDependent,handAccelerometer,kNearestNeighbour,,76.200000,44.200000,training and testing on the same person results in 76.2% precision (44.2% recall) using only the accelerometer attached to the right hand,printed in the paper text (ulfblanke.de/research/csur/paper.pdf)
5.1-pd-allSensors,value,5.1,33:20,personDependent,allSensors,kNearestNeighbour,,94.100000,62.400000,"When using all sensors, precision increases to 94.1% (62.4% recall)",printed in the paper text (ulfblanke.de/research/csur/paper.pdf)
5.1-pi-handAccelerometer,value,5.1,33:20,personIndependent,handAccelerometer,kNearestNeighbour,,44.700000,21.400000,"For the person-independent case, results are lower: 44.7% precision and 21.4% recall",printed in the paper text (ulfblanke.de/research/csur/paper.pdf)
5.1-pi-allSensors,value,5.1,33:20,personIndependent,allSensors,kNearestNeighbour,,63.000000,39.500000,Using data from all sensors attached to three different positions on the body improves the recognition performance to 63% precision (39.5% recall),printed in the paper text (ulfblanke.de/research/csur/paper.pdf)
5.4-pd-hand,value,5.4,33:22,personDependent,hand,kNearestNeighbour,,87.200000,55.100000,The best result for individual placement is obtained at the hand at 87.2% precision and 55.1% recall,printed in the paper text (ulfblanke.de/research/csur/paper.pdf)
5.4-pi-upperArm,value,5.4,33:22,personIndependent,upperArm,kNearestNeighbour,,30.200000,11.400000,The worst performance is obtained at the upper arm (30.2% precision and 11.4% recall),printed in the paper text (ulfblanke.de/research/csur/paper.pdf)
5.5-pd-accAll,value,5.5,33:23,personDependent,accAll,kNearestNeighbour,,90.400000,58.600000,"The best results for the person-dependent case are achieved by combining all three acceleration sensors (p = 90.4%, r = 58.6%)",printed in the paper text (ulfblanke.de/research/csur/paper.pdf)
5.5-pd-bestGyroscope,value,5.5,33:23,personDependent,bestGyroscopeOnly,kNearestNeighbour,,85.200000,46.400000,"Using gyroscopes only, the best performance is a precision of 85.2% (recall 46.4%)",printed in the paper text (ulfblanke.de/research/csur/paper.pdf)
5.6-pd-svm,value,5.6,33:24,personDependent,allSensors,supportVectorMachine,,96.000000,84.800000,"the best results for all available data are achieved by SVM (p = 96%, r = 84.8%)",printed in the paper text (ulfblanke.de/research/csur/paper.pdf)
5.6-pd-naiveBayes,value,5.6,33:24,personDependent,allSensors,gaussianNaiveBayes,,78.200000,69.200000,"The worst performance is exhibited by naive Bayes (p = 78.2%, r = 69.2%)",printed in the paper text (ulfblanke.de/research/csur/paper.pdf)
5.6-pd-kNearestNeighbour,value,5.6,33:24,personDependent,allSensors,kNearestNeighbour,,94.100000,62.400000,"k-NN suffers from lowest recall (p = 94.1%, r = 62.4%)",printed in the paper text (ulfblanke.de/research/csur/paper.pdf)
5.7-pd-mRMR150,value,5.7,33:25,personDependent,allSensors,kNearestNeighbour,150,91.900000,59.700000,"the best recognition performance is achieved for a feature set size of S = 150 (person-dependent evaluation: precision: 91.9%, recall: 59.7%",printed in the paper text (ulfblanke.de/research/csur/paper.pdf)
5.7-pi-mRMR150,value,5.7,33:25,personIndependent,allSensors,kNearestNeighbour,150,60.800000,37.300000,"person-independent: precision: 60.8%, recall: 37.3%",printed in the paper text (ulfblanke.de/research/csur/paper.pdf)
5.2-statement,statement,5.2,33:21,both,bothSensorSets,kNearestNeighbour,,,,The best performance is achieved by using mean and variance as features. [...] Combining mean and variance with other features (FFT and zero crossings) leads to a small decrease of performance,printed in the paper text (ulfblanke.de/research/csur/paper.pdf)
5.2-rawStatement,statement,5.2,33:22,both,bothSensorSets,kNearestNeighbour,,,,"Using the raw signal (i.e., each frame instead of a window) led to higher recall at the cost of precision",printed in the paper text (ulfblanke.de/research/csur/paper.pdf)
5.6-statement,statement,5.6,33:24,both,allSensors,supportVectorMachine,,,,"the best results for all available data are achieved by SVM (p = 96%, r = 84.8%)",printed in the paper text (ulfblanke.de/research/csur/paper.pdf)
5.7-statement,statement,5.7,33:25,both,allSensors,kNearestNeighbour,150,,,"In both cases, the best recognition performance is achieved for a feature set size of S = 150",printed in the paper text (ulfblanke.de/research/csur/paper.pdf)
5.3-statement,statement,5.3,33:22,both,allSensors,kNearestNeighbour,,,,"We can see that precision reaches a maximum Ws = 1s for both the person-dependent and the person-independent case. [...] At the same time, however, increasing Ws leads to a decrease of recall",printed in the paper text (ulfblanke.de/research/csur/paper.pdf)
