section,configuration,stepVariant,sensors,featureType,classifier,windowSeconds,stepSeconds,scheme,variant,rounds,windowSamples,stepSamples,precisionAll,recallAll,precisionNonNull,recallNonNull,precisionAllDefined,precisionNonNullDefined,classesNeverPredicted,eventPrecisionAll,eventRecallAll,eventPrecisionNonNull,eventRecallNonNull,detectedGestureSegmentShare,precisionAllSubject1,recallAllSubject1,precisionNonNullSubject1,recallNonNullSubject1,precisionAllSubject2,recallAllSubject2,precisionNonNullSubject2,recallNonNullSubject2,actualWindowSeconds,actualStepSeconds
5.3,window0.1.paperStep,paperStep,acc_1+gyr_1+acc_2+gyr_2+acc_3+gyr_3,VerySimple,kNearestNeighbour,0.100000,0.100000,personDependent,,52,3,3,0.780668,0.787689,0.784164,0.789943,0.780668,0.784164,0.000000,0.780562,0.787551,0.784082,0.789726,1.000000,0.777061,0.791042,0.780817,0.796350,0.784274,0.784336,0.787511,0.783536,0.093750,0.093750
5.3,window0.1.paperStep,paperStep,acc_1+gyr_1+acc_2+gyr_2+acc_3+gyr_3,VerySimple,kNearestNeighbour,0.100000,0.100000,personIndependent,,2,3,3,0.444502,0.402897,0.424917,0.379363,0.444502,0.424917,0.000000,0.444413,0.402655,0.424831,0.379068,0.998252,0.452142,0.381543,0.441313,0.356016,0.436862,0.424252,0.408522,0.402710,0.093750,0.093750
5.3,window0.25.paperStep,paperStep,acc_1+gyr_1+acc_2+gyr_2+acc_3+gyr_3,VerySimple,kNearestNeighbour,0.250000,0.250000,personDependent,,52,8,8,0.806591,0.812642,0.810803,0.815455,0.806591,0.810803,0.000000,0.807368,0.813504,0.811543,0.816296,1.000000,0.806065,0.815825,0.810387,0.820677,0.807117,0.809459,0.811219,0.810233,0.250000,0.250000
5.3,window0.25.paperStep,paperStep,acc_1+gyr_1+acc_2+gyr_2+acc_3+gyr_3,VerySimple,kNearestNeighbour,0.250000,0.250000,personIndependent,,2,8,8,0.503855,0.440826,0.488217,0.414666,0.503855,0.488217,0.000000,0.504301,0.440949,0.488699,0.414703,0.972028,0.509281,0.405841,0.501882,0.372208,0.498430,0.475812,0.474552,0.457124,0.250000,0.250000
5.3,window0.5.paperStep,paperStep,acc_1+gyr_1+acc_2+gyr_2+acc_3+gyr_3,VerySimple,kNearestNeighbour,0.500000,0.500000,personDependent,,52,16,16,0.834497,0.842212,0.839316,0.848172,0.834497,0.839316,0.000000,0.838918,0.847508,0.843502,0.852904,1.000000,0.834237,0.838895,0.839591,0.844826,0.834757,0.845529,0.839041,0.851517,0.500000,0.500000
5.3,window0.5.paperStep,paperStep,acc_1+gyr_1+acc_2+gyr_2+acc_3+gyr_3,VerySimple,kNearestNeighbour,0.500000,0.500000,personIndependent,,2,16,16,0.550265,0.493417,0.534888,0.470376,0.550265,0.534888,0.000000,0.552912,0.494803,0.537590,0.471501,0.942308,0.557663,0.473084,0.549620,0.441824,0.542866,0.513749,0.520156,0.498927,0.500000,0.500000
5.3,window1.0.paperStep,paperStep,acc_1+gyr_1+acc_2+gyr_2+acc_3+gyr_3,VerySimple,kNearestNeighbour,1.000000,1.000000,personDependent,,52,32,32,0.843066,0.847975,0.849258,0.856203,0.844366,0.850717,0.019231,0.867667,0.875823,0.871902,0.882380,0.996503,0.844549,0.857725,0.848979,0.868265,0.841584,0.838225,0.849537,0.844141,1.000000,1.000000
5.3,window1.0.paperStep,paperStep,acc_1+gyr_1+acc_2+gyr_2+acc_3+gyr_3,VerySimple,kNearestNeighbour,1.000000,1.000000,personIndependent,,2,32,32,0.579537,0.519301,0.565920,0.501676,0.579537,0.565920,0.000000,0.586706,0.524790,0.572558,0.506648,0.868881,0.597402,0.483996,0.593194,0.453326,0.561673,0.554606,0.538646,0.550027,1.000000,1.000000
5.3,window2.0.paperStep,paperStep,acc_1+gyr_1+acc_2+gyr_2+acc_3+gyr_3,VerySimple,kNearestNeighbour,2.000000,1.000000,personDependent,,52,64,32,0.855598,0.894599,0.857674,0.912817,0.855598,0.857674,0.000000,0.879848,0.924492,0.879381,0.940969,1.000000,0.864300,0.900368,0.867362,0.918695,0.846895,0.888829,0.847986,0.906939,2.000000,1.000000
5.3,window2.0.paperStep,paperStep,acc_1+gyr_1+acc_2+gyr_2+acc_3+gyr_3,VerySimple,kNearestNeighbour,2.000000,1.000000,personIndependent,,2,64,32,0.593111,0.530761,0.583857,0.517832,0.593111,0.583857,0.000000,0.602892,0.542108,0.592911,0.528885,0.833916,0.635083,0.504329,0.635081,0.479318,0.551139,0.557193,0.532632,0.556345,2.000000,1.000000
5.3,window3.0.paperStep,paperStep,acc_1+gyr_1+acc_2+gyr_2+acc_3+gyr_3,VerySimple,kNearestNeighbour,3.000000,1.000000,personDependent,,52,96,32,0.829136,0.906529,0.826577,0.935330,0.831559,0.829172,0.038462,0.845912,0.923407,0.843071,0.952444,0.996503,0.838987,0.916488,0.836314,0.946263,0.819284,0.896570,0.816840,0.924398,3.000000,1.000000
5.3,window3.0.paperStep,paperStep,acc_1+gyr_1+acc_2+gyr_2+acc_3+gyr_3,VerySimple,kNearestNeighbour,3.000000,1.000000,personIndependent,,2,96,32,0.577806,0.551413,0.567226,0.540888,0.577806,0.567226,0.000000,0.590899,0.560184,0.580553,0.549489,0.800699,0.604905,0.516163,0.603801,0.493818,0.550708,0.586664,0.530651,0.587958,3.000000,1.000000
5.3,window4.0.paperStep,paperStep,acc_1+gyr_1+acc_2+gyr_2+acc_3+gyr_3,VerySimple,kNearestNeighbour,4.000000,1.000000,personDependent,,52,128,32,0.806392,0.895059,0.803404,0.928082,0.809011,0.806281,0.038462,0.819142,0.911188,0.815419,0.944480,0.989510,0.814946,0.903608,0.812774,0.936028,0.797839,0.886510,0.794035,0.920136,4.000000,1.000000
5.3,window4.0.paperStep,paperStep,acc_1+gyr_1+acc_2+gyr_2+acc_3+gyr_3,VerySimple,kNearestNeighbour,4.000000,1.000000,personIndependent,,2,128,32,0.593256,0.591454,0.582043,0.591024,0.593256,0.582043,0.000000,0.601506,0.601974,0.590205,0.602056,0.812937,0.663121,0.584675,0.669057,0.573029,0.523391,0.598232,0.495030,0.609019,4.000000,1.000000
5.3,window5.0.paperStep,paperStep,acc_1+gyr_1+acc_2+gyr_2+acc_3+gyr_3,VerySimple,kNearestNeighbour,5.000000,1.000000,personDependent,,52,160,32,0.766628,0.843200,0.763900,0.873930,0.784348,0.783357,0.269231,0.773804,0.850152,0.771923,0.881127,0.961538,0.790575,0.865540,0.788761,0.897684,0.742680,0.820861,0.739040,0.850176,5.000000,1.000000
5.3,window5.0.paperStep,paperStep,acc_1+gyr_1+acc_2+gyr_2+acc_3+gyr_3,VerySimple,kNearestNeighbour,5.000000,1.000000,personIndependent,,2,160,32,0.538330,0.477114,0.526937,0.466763,0.538330,0.526937,0.000000,0.536577,0.480102,0.525044,0.469970,0.683566,0.556652,0.392869,0.558550,0.365966,0.520008,0.561359,0.495325,0.567561,5.000000,1.000000
5.3,window6.0.paperStep,paperStep,acc_1+gyr_1+acc_2+gyr_2+acc_3+gyr_3,VerySimple,kNearestNeighbour,6.000000,1.000000,personDependent,,52,192,32,0.703765,0.792125,0.699750,0.822824,0.744025,0.743851,0.634615,0.713315,0.803230,0.708767,0.833967,0.921329,0.695296,0.787145,0.693516,0.818740,0.712234,0.797105,0.705983,0.826909,6.000000,1.000000
5.3,window6.0.paperStep,paperStep,acc_1+gyr_1+acc_2+gyr_2+acc_3+gyr_3,VerySimple,kNearestNeighbour,6.000000,1.000000,personIndependent,,2,192,32,0.543209,0.476639,0.536683,0.466939,0.543209,0.536683,0.000000,0.548364,0.477355,0.542088,0.467577,0.697552,0.587971,0.425095,0.592252,0.401773,0.498447,0.528182,0.481114,0.532105,6.000000,1.000000
5.3,window7.0.paperStep,paperStep,acc_1+gyr_1+acc_2+gyr_2+acc_3+gyr_3,VerySimple,kNearestNeighbour,7.000000,1.000000,personDependent,,52,224,32,0.656219,0.727741,0.656858,0.753329,0.716875,0.723758,1.019231,0.660681,0.734260,0.662781,0.760881,0.868881,0.643770,0.724006,0.646204,0.750242,0.668668,0.731476,0.667513,0.756416,7.000000,1.000000
5.3,window7.0.paperStep,paperStep,acc_1+gyr_1+acc_2+gyr_2+acc_3+gyr_3,VerySimple,kNearestNeighbour,7.000000,1.000000,personIndependent,,2,224,32,0.461829,0.404106,0.448763,0.390100,0.461829,0.448763,0.000000,0.469001,0.405963,0.456980,0.392300,0.589161,0.444373,0.301144,0.437961,0.270976,0.479286,0.507069,0.459565,0.509223,7.000000,1.000000
5.3,window8.0.paperStep,paperStep,acc_1+gyr_1+acc_2+gyr_2+acc_3+gyr_3,VerySimple,kNearestNeighbour,8.000000,1.000000,personDependent,,52,256,32,0.601466,0.673655,0.603489,0.693411,0.701403,0.714811,1.692308,0.607364,0.679380,0.608845,0.698798,0.790210,0.603072,0.667909,0.608108,0.686419,0.599860,0.679402,0.598870,0.700404,8.000000,1.000000
5.3,window8.0.paperStep,paperStep,acc_1+gyr_1+acc_2+gyr_2+acc_3+gyr_3,VerySimple,kNearestNeighbour,8.000000,1.000000,personIndependent,,2,256,32,0.406508,0.319476,0.392848,0.291493,0.425843,0.413741,0.500000,0.403493,0.321174,0.389455,0.293360,0.451049,0.425371,0.254941,0.417862,0.212472,0.387644,0.384012,0.367834,0.370514,8.000000,1.000000
5.3,window0.1.toolboxStep,toolboxStep,acc_1+gyr_1+acc_2+gyr_2+acc_3+gyr_3,VerySimple,kNearestNeighbour,0.100000,0.050000,personDependent,,52,3,2,0.785319,0.793432,0.788774,0.795402,0.785319,0.788774,0.000000,0.785675,0.793809,0.789071,0.795702,1.000000,0.783672,0.798414,0.787488,0.803400,0.786965,0.788451,0.790059,0.787403,0.093750,0.062500
5.3,window0.1.toolboxStep,toolboxStep,acc_1+gyr_1+acc_2+gyr_2+acc_3+gyr_3,VerySimple,kNearestNeighbour,0.100000,0.050000,personIndependent,,2,3,2,0.447910,0.410993,0.427695,0.386542,0.447910,0.427695,0.000000,0.448136,0.411224,0.427839,0.386706,1.000000,0.450883,0.387196,0.438337,0.358712,0.444938,0.434790,0.417052,0.414372,0.093750,0.062500
5.3,window0.25.toolboxStep,toolboxStep,acc_1+gyr_1+acc_2+gyr_2+acc_3+gyr_3,VerySimple,kNearestNeighbour,0.250000,0.050000,personDependent,,52,8,2,0.818732,0.834421,0.822484,0.838792,0.818732,0.822484,0.000000,0.818533,0.834238,0.822307,0.838640,1.000000,0.821361,0.837517,0.825738,0.843514,0.816102,0.831326,0.819229,0.834070,0.250000,0.062500
5.3,window0.25.toolboxStep,toolboxStep,acc_1+gyr_1+acc_2+gyr_2+acc_3+gyr_3,VerySimple,kNearestNeighbour,0.250000,0.050000,personIndependent,,2,8,2,0.511811,0.457464,0.495483,0.431110,0.511811,0.495483,0.000000,0.511829,0.457426,0.495589,0.431143,0.998252,0.509269,0.425497,0.499971,0.392524,0.514353,0.489430,0.490996,0.469696,0.250000,0.062500
5.3,window0.5.toolboxStep,toolboxStep,acc_1+gyr_1+acc_2+gyr_2+acc_3+gyr_3,VerySimple,kNearestNeighbour,0.500000,0.050000,personDependent,,52,16,2,0.847617,0.869290,0.851073,0.875342,0.847617,0.851073,0.000000,0.847428,0.869029,0.850927,0.875124,1.000000,0.852109,0.870124,0.855970,0.876275,0.843124,0.868456,0.846177,0.874408,0.500000,0.062500
5.3,window0.5.toolboxStep,toolboxStep,acc_1+gyr_1+acc_2+gyr_2+acc_3+gyr_3,VerySimple,kNearestNeighbour,0.500000,0.050000,personIndependent,,2,16,2,0.573868,0.495335,0.562289,0.468927,0.573868,0.562289,0.000000,0.573864,0.495376,0.562332,0.469001,0.993007,0.594654,0.469282,0.592903,0.433979,0.553082,0.521389,0.531675,0.503875,0.500000,0.062500
5.3,window1.0.toolboxStep,toolboxStep,acc_1+gyr_1+acc_2+gyr_2+acc_3+gyr_3,VerySimple,kNearestNeighbour,1.000000,0.050000,personDependent,,52,32,2,0.878010,0.900828,0.881072,0.907947,0.878010,0.881072,0.000000,0.878195,0.901003,0.881209,0.908073,1.000000,0.888072,0.907348,0.891612,0.914586,0.867948,0.894308,0.870533,0.901308,1.000000,0.062500
5.3,window1.0.toolboxStep,toolboxStep,acc_1+gyr_1+acc_2+gyr_2+acc_3+gyr_3,VerySimple,kNearestNeighbour,1.000000,0.050000,personIndependent,,2,32,2,0.602749,0.539313,0.589763,0.518220,0.602749,0.589763,0.000000,0.602920,0.539547,0.589925,0.518457,0.996503,0.620052,0.488626,0.616802,0.452971,0.585447,0.589999,0.562725,0.583469,1.000000,0.062500
5.3,window2.0.toolboxStep,toolboxStep,acc_1+gyr_1+acc_2+gyr_2+acc_3+gyr_3,VerySimple,kNearestNeighbour,2.000000,0.050000,personDependent,,52,64,2,0.864717,0.925687,0.864053,0.944815,0.864717,0.864053,0.000000,0.864983,0.925871,0.864303,0.944974,1.000000,0.872294,0.932857,0.872039,0.951887,0.857139,0.918517,0.856067,0.937744,2.000000,0.062500
5.3,window2.0.toolboxStep,toolboxStep,acc_1+gyr_1+acc_2+gyr_2+acc_3+gyr_3,VerySimple,kNearestNeighbour,2.000000,0.050000,personIndependent,,2,64,2,0.603545,0.561216,0.594435,0.551991,0.603545,0.594435,0.000000,0.604101,0.561537,0.595034,0.552309,0.972028,0.619462,0.502134,0.617884,0.479482,0.587629,0.620298,0.570986,0.624501,2.000000,0.062500
5.3,window3.0.toolboxStep,toolboxStep,acc_1+gyr_1+acc_2+gyr_2+acc_3+gyr_3,VerySimple,kNearestNeighbour,3.000000,0.050000,personDependent,,52,96,2,0.842900,0.926790,0.839497,0.955413,0.842900,0.839497,0.000000,0.842932,0.926833,0.839554,0.955475,1.000000,0.850216,0.933249,0.848235,0.961122,0.835583,0.920330,0.830759,0.949704,3.000000,0.062500
5.3,window3.0.toolboxStep,toolboxStep,acc_1+gyr_1+acc_2+gyr_2+acc_3+gyr_3,VerySimple,kNearestNeighbour,3.000000,0.050000,personIndependent,,2,96,2,0.616150,0.555663,0.611686,0.543598,0.616150,0.611686,0.000000,0.615738,0.555622,0.611400,0.543703,0.895105,0.669692,0.549015,0.674881,0.530676,0.562608,0.562311,0.548491,0.556520,3.000000,0.062500
5.3,window4.0.toolboxStep,toolboxStep,acc_1+gyr_1+acc_2+gyr_2+acc_3+gyr_3,VerySimple,kNearestNeighbour,4.000000,0.050000,personDependent,,52,128,2,0.824878,0.913648,0.821338,0.945778,0.824878,0.821338,0.000000,0.825646,0.913852,0.822165,0.945951,1.000000,0.832869,0.927699,0.830003,0.959378,0.816886,0.899598,0.812674,0.932178,4.000000,0.062500
5.3,window4.0.toolboxStep,toolboxStep,acc_1+gyr_1+acc_2+gyr_2+acc_3+gyr_3,VerySimple,kNearestNeighbour,4.000000,0.050000,personIndependent,,2,128,2,0.610708,0.576290,0.603301,0.572069,0.610708,0.603301,0.000000,0.611823,0.577010,0.604611,0.572883,0.856643,0.692995,0.576402,0.700231,0.563496,0.528421,0.576178,0.506371,0.580642,4.000000,0.062500
5.3,window5.0.toolboxStep,toolboxStep,acc_1+gyr_1+acc_2+gyr_2+acc_3+gyr_3,VerySimple,kNearestNeighbour,5.000000,0.050000,personDependent,,52,160,2,0.786841,0.865585,0.784559,0.897776,0.792028,0.790302,0.076923,0.787049,0.865651,0.784696,0.897835,0.986014,0.795777,0.881910,0.794173,0.914677,0.777906,0.849260,0.774944,0.880875,5.000000,0.062500
5.3,window5.0.toolboxStep,toolboxStep,acc_1+gyr_1+acc_2+gyr_2+acc_3+gyr_3,VerySimple,kNearestNeighbour,5.000000,0.050000,personIndependent,,2,160,2,0.570301,0.535393,0.559588,0.530558,0.570301,0.559588,0.000000,0.570826,0.535902,0.560299,0.531185,0.842657,0.598163,0.461053,0.602393,0.441609,0.542440,0.609733,0.516783,0.619508,5.000000,0.062500
5.3,window6.0.toolboxStep,toolboxStep,acc_1+gyr_1+acc_2+gyr_2+acc_3+gyr_3,VerySimple,kNearestNeighbour,6.000000,0.050000,personDependent,,52,192,2,0.730987,0.798113,0.731198,0.828404,0.748624,0.750414,0.288462,0.731389,0.798133,0.731561,0.828356,0.963287,0.731211,0.802251,0.732345,0.833323,0.730763,0.793975,0.730050,0.823486,6.000000,0.062500
5.3,window6.0.toolboxStep,toolboxStep,acc_1+gyr_1+acc_2+gyr_2+acc_3+gyr_3,VerySimple,kNearestNeighbour,6.000000,0.050000,personIndependent,,2,192,2,0.516192,0.487113,0.501426,0.479546,0.516192,0.501426,0.000000,0.516518,0.487588,0.501992,0.480186,0.807692,0.525153,0.421002,0.521644,0.402112,0.507231,0.553224,0.481208,0.556979,6.000000,0.062500
5.3,window7.0.toolboxStep,toolboxStep,acc_1+gyr_1+acc_2+gyr_2+acc_3+gyr_3,VerySimple,kNearestNeighbour,7.000000,0.050000,personDependent,,52,224,2,0.678625,0.743118,0.681955,0.770492,0.708158,0.714526,0.480769,0.678365,0.742779,0.681668,0.770172,0.910839,0.678860,0.739135,0.684421,0.766629,0.678391,0.747101,0.679490,0.774355,7.000000,0.062500
5.3,window7.0.toolboxStep,toolboxStep,acc_1+gyr_1+acc_2+gyr_2+acc_3+gyr_3,VerySimple,kNearestNeighbour,7.000000,0.050000,personIndependent,,2,224,2,0.478037,0.433242,0.462876,0.420649,0.478037,0.462876,0.000000,0.477796,0.432535,0.462838,0.419989,0.706294,0.469187,0.331263,0.462945,0.301439,0.486887,0.535220,0.462808,0.539859,7.000000,0.062500
5.3,window8.0.toolboxStep,toolboxStep,acc_1+gyr_1+acc_2+gyr_2+acc_3+gyr_3,VerySimple,kNearestNeighbour,8.000000,0.050000,personDependent,,52,256,2,0.628042,0.684929,0.632670,0.706723,0.687047,0.697899,1.000000,0.627917,0.684706,0.632505,0.706513,0.853147,0.611775,0.677066,0.617745,0.698434,0.644309,0.692793,0.647594,0.715012,8.000000,0.062500
5.3,window8.0.toolboxStep,toolboxStep,acc_1+gyr_1+acc_2+gyr_2+acc_3+gyr_3,VerySimple,kNearestNeighbour,8.000000,0.050000,personIndependent,,2,256,2,0.427480,0.336314,0.414327,0.311459,0.427480,0.414327,0.000000,0.427388,0.335957,0.414492,0.311155,0.568182,0.447962,0.274699,0.444391,0.234327,0.406997,0.397929,0.384263,0.388591,8.000000,0.062500
