sensors,scheme,round,testSubject,trainSubject,heldOutRepetition,svmCost,svmGamma,sensorSet
acc_1,personDependent,1,1,1,1,10.000000,1.000000,handAccelerometer
acc_1,personDependent,2,1,1,2,100.000000,0.100000,handAccelerometer
acc_1,personDependent,3,1,1,3,100.000000,0.100000,handAccelerometer
acc_1,personDependent,4,1,1,4,100.000000,0.100000,handAccelerometer
acc_1,personDependent,5,1,1,5,100.000000,0.100000,handAccelerometer
acc_1,personDependent,6,1,1,6,100.000000,0.100000,handAccelerometer
acc_1,personDependent,7,1,1,7,1000.000000,0.100000,handAccelerometer
acc_1,personDependent,8,1,1,8,1000.000000,0.100000,handAccelerometer
acc_1,personDependent,9,1,1,9,1000.000000,0.100000,handAccelerometer
acc_1,personDependent,10,1,1,10,100.000000,0.100000,handAccelerometer
acc_1,personDependent,11,1,1,11,1000.000000,0.100000,handAccelerometer
acc_1,personDependent,12,1,1,12,1000.000000,0.100000,handAccelerometer
acc_1,personDependent,13,1,1,13,100.000000,0.100000,handAccelerometer
acc_1,personDependent,14,1,1,14,100.000000,0.100000,handAccelerometer
acc_1,personDependent,15,1,1,15,100.000000,0.100000,handAccelerometer
acc_1,personDependent,16,1,1,16,10.000000,1.000000,handAccelerometer
acc_1,personDependent,17,1,1,17,100.000000,0.100000,handAccelerometer
acc_1,personDependent,18,1,1,18,100.000000,0.100000,handAccelerometer
acc_1,personDependent,19,1,1,19,100.000000,0.100000,handAccelerometer
acc_1,personDependent,20,1,1,20,10.000000,1.000000,handAccelerometer
acc_1,personDependent,21,1,1,21,100.000000,0.100000,handAccelerometer
acc_1,personDependent,22,1,1,22,100.000000,0.100000,handAccelerometer
acc_1,personDependent,23,1,1,23,100.000000,0.100000,handAccelerometer
acc_1,personDependent,24,1,1,24,1000.000000,0.100000,handAccelerometer
acc_1,personDependent,25,1,1,25,100.000000,0.100000,handAccelerometer
acc_1,personDependent,26,1,1,26,10.000000,1.000000,handAccelerometer
acc_1,personDependent,27,2,2,1,100.000000,0.100000,handAccelerometer
acc_1,personDependent,28,2,2,2,100.000000,0.100000,handAccelerometer
acc_1,personDependent,29,2,2,3,100.000000,0.100000,handAccelerometer
acc_1,personDependent,30,2,2,4,100.000000,0.100000,handAccelerometer
acc_1,personDependent,31,2,2,5,100.000000,0.100000,handAccelerometer
acc_1,personDependent,32,2,2,6,100.000000,0.100000,handAccelerometer
acc_1,personDependent,33,2,2,7,100.000000,0.100000,handAccelerometer
acc_1,personDependent,34,2,2,8,100.000000,0.100000,handAccelerometer
acc_1,personDependent,35,2,2,9,100.000000,0.100000,handAccelerometer
acc_1,personDependent,36,2,2,10,100.000000,0.100000,handAccelerometer
acc_1,personDependent,37,2,2,11,100.000000,0.100000,handAccelerometer
acc_1,personDependent,38,2,2,12,100.000000,0.100000,handAccelerometer
acc_1,personDependent,39,2,2,13,100.000000,0.100000,handAccelerometer
acc_1,personDependent,40,2,2,14,100.000000,0.100000,handAccelerometer
acc_1,personDependent,41,2,2,15,100.000000,0.100000,handAccelerometer
acc_1,personDependent,42,2,2,16,100.000000,0.100000,handAccelerometer
acc_1,personDependent,43,2,2,17,100.000000,0.100000,handAccelerometer
acc_1,personDependent,44,2,2,18,100.000000,0.100000,handAccelerometer
acc_1,personDependent,45,2,2,19,100.000000,0.100000,handAccelerometer
acc_1,personDependent,46,2,2,20,100.000000,0.100000,handAccelerometer
acc_1,personDependent,47,2,2,21,100.000000,0.100000,handAccelerometer
acc_1,personDependent,48,2,2,22,100.000000,0.100000,handAccelerometer
acc_1,personDependent,49,2,2,23,100.000000,0.100000,handAccelerometer
acc_1,personDependent,50,2,2,24,100.000000,0.100000,handAccelerometer
acc_1,personDependent,51,2,2,25,100.000000,0.100000,handAccelerometer
acc_1,personDependent,52,2,2,26,100.000000,0.100000,handAccelerometer
acc_1,personIndependent,1,1,2,-1,100.000000,0.100000,handAccelerometer
acc_1,personIndependent,2,2,1,-1,100.000000,0.100000,handAccelerometer
acc_1+gyr_1+acc_2+gyr_2+acc_3+gyr_3,personDependent,1,1,1,1,100.000000,0.010000,allSensors
acc_1+gyr_1+acc_2+gyr_2+acc_3+gyr_3,personDependent,2,1,1,2,100.000000,0.010000,allSensors
acc_1+gyr_1+acc_2+gyr_2+acc_3+gyr_3,personDependent,3,1,1,3,100.000000,0.010000,allSensors
acc_1+gyr_1+acc_2+gyr_2+acc_3+gyr_3,personDependent,4,1,1,4,100.000000,0.010000,allSensors
acc_1+gyr_1+acc_2+gyr_2+acc_3+gyr_3,personDependent,5,1,1,5,100.000000,0.010000,allSensors
acc_1+gyr_1+acc_2+gyr_2+acc_3+gyr_3,personDependent,6,1,1,6,100.000000,0.010000,allSensors
acc_1+gyr_1+acc_2+gyr_2+acc_3+gyr_3,personDependent,7,1,1,7,100.000000,0.010000,allSensors
acc_1+gyr_1+acc_2+gyr_2+acc_3+gyr_3,personDependent,8,1,1,8,100.000000,0.010000,allSensors
acc_1+gyr_1+acc_2+gyr_2+acc_3+gyr_3,personDependent,9,1,1,9,100.000000,0.010000,allSensors
acc_1+gyr_1+acc_2+gyr_2+acc_3+gyr_3,personDependent,10,1,1,10,100.000000,0.010000,allSensors
acc_1+gyr_1+acc_2+gyr_2+acc_3+gyr_3,personDependent,11,1,1,11,100.000000,0.010000,allSensors
acc_1+gyr_1+acc_2+gyr_2+acc_3+gyr_3,personDependent,12,1,1,12,100.000000,0.010000,allSensors
acc_1+gyr_1+acc_2+gyr_2+acc_3+gyr_3,personDependent,13,1,1,13,100.000000,0.010000,allSensors
acc_1+gyr_1+acc_2+gyr_2+acc_3+gyr_3,personDependent,14,1,1,14,100.000000,0.010000,allSensors
acc_1+gyr_1+acc_2+gyr_2+acc_3+gyr_3,personDependent,15,1,1,15,100.000000,0.010000,allSensors
acc_1+gyr_1+acc_2+gyr_2+acc_3+gyr_3,personDependent,16,1,1,16,100.000000,0.010000,allSensors
acc_1+gyr_1+acc_2+gyr_2+acc_3+gyr_3,personDependent,17,1,1,17,100.000000,0.010000,allSensors
acc_1+gyr_1+acc_2+gyr_2+acc_3+gyr_3,personDependent,18,1,1,18,100.000000,0.010000,allSensors
acc_1+gyr_1+acc_2+gyr_2+acc_3+gyr_3,personDependent,19,1,1,19,100.000000,0.010000,allSensors
acc_1+gyr_1+acc_2+gyr_2+acc_3+gyr_3,personDependent,20,1,1,20,100.000000,0.010000,allSensors
acc_1+gyr_1+acc_2+gyr_2+acc_3+gyr_3,personDependent,21,1,1,21,100.000000,0.010000,allSensors
acc_1+gyr_1+acc_2+gyr_2+acc_3+gyr_3,personDependent,22,1,1,22,100.000000,0.010000,allSensors
acc_1+gyr_1+acc_2+gyr_2+acc_3+gyr_3,personDependent,23,1,1,23,100.000000,0.010000,allSensors
acc_1+gyr_1+acc_2+gyr_2+acc_3+gyr_3,personDependent,24,1,1,24,100.000000,0.010000,allSensors
acc_1+gyr_1+acc_2+gyr_2+acc_3+gyr_3,personDependent,25,1,1,25,100.000000,0.010000,allSensors
acc_1+gyr_1+acc_2+gyr_2+acc_3+gyr_3,personDependent,26,1,1,26,10.000000,0.100000,allSensors
acc_1+gyr_1+acc_2+gyr_2+acc_3+gyr_3,personDependent,27,2,2,1,100.000000,0.010000,allSensors
acc_1+gyr_1+acc_2+gyr_2+acc_3+gyr_3,personDependent,28,2,2,2,100.000000,0.010000,allSensors
acc_1+gyr_1+acc_2+gyr_2+acc_3+gyr_3,personDependent,29,2,2,3,100.000000,0.010000,allSensors
acc_1+gyr_1+acc_2+gyr_2+acc_3+gyr_3,personDependent,30,2,2,4,100.000000,0.010000,allSensors
acc_1+gyr_1+acc_2+gyr_2+acc_3+gyr_3,personDependent,31,2,2,5,10.000000,0.010000,allSensors
acc_1+gyr_1+acc_2+gyr_2+acc_3+gyr_3,personDependent,32,2,2,6,10.000000,0.010000,allSensors
acc_1+gyr_1+acc_2+gyr_2+acc_3+gyr_3,personDependent,33,2,2,7,100.000000,0.010000,allSensors
acc_1+gyr_1+acc_2+gyr_2+acc_3+gyr_3,personDependent,34,2,2,8,100.000000,0.010000,allSensors
acc_1+gyr_1+acc_2+gyr_2+acc_3+gyr_3,personDependent,35,2,2,9,100.000000,0.010000,allSensors
acc_1+gyr_1+acc_2+gyr_2+acc_3+gyr_3,personDependent,36,2,2,10,100.000000,0.010000,allSensors
acc_1+gyr_1+acc_2+gyr_2+acc_3+gyr_3,personDependent,37,2,2,11,100.000000,0.010000,allSensors
acc_1+gyr_1+acc_2+gyr_2+acc_3+gyr_3,personDependent,38,2,2,12,100.000000,0.010000,allSensors
acc_1+gyr_1+acc_2+gyr_2+acc_3+gyr_3,personDependent,39,2,2,13,10.000000,0.010000,allSensors
acc_1+gyr_1+acc_2+gyr_2+acc_3+gyr_3,personDependent,40,2,2,14,100.000000,0.010000,allSensors
acc_1+gyr_1+acc_2+gyr_2+acc_3+gyr_3,personDependent,41,2,2,15,100.000000,0.010000,allSensors
acc_1+gyr_1+acc_2+gyr_2+acc_3+gyr_3,personDependent,42,2,2,16,100.000000,0.010000,allSensors
acc_1+gyr_1+acc_2+gyr_2+acc_3+gyr_3,personDependent,43,2,2,17,10.000000,0.010000,allSensors
acc_1+gyr_1+acc_2+gyr_2+acc_3+gyr_3,personDependent,44,2,2,18,100.000000,0.010000,allSensors
acc_1+gyr_1+acc_2+gyr_2+acc_3+gyr_3,personDependent,45,2,2,19,100.000000,0.010000,allSensors
acc_1+gyr_1+acc_2+gyr_2+acc_3+gyr_3,personDependent,46,2,2,20,100.000000,0.010000,allSensors
acc_1+gyr_1+acc_2+gyr_2+acc_3+gyr_3,personDependent,47,2,2,21,100.000000,0.010000,allSensors
acc_1+gyr_1+acc_2+gyr_2+acc_3+gyr_3,personDependent,48,2,2,22,100.000000,0.010000,allSensors
acc_1+gyr_1+acc_2+gyr_2+acc_3+gyr_3,personDependent,49,2,2,23,100.000000,0.010000,allSensors
acc_1+gyr_1+acc_2+gyr_2+acc_3+gyr_3,personDependent,50,2,2,24,100.000000,0.010000,allSensors
acc_1+gyr_1+acc_2+gyr_2+acc_3+gyr_3,personDependent,51,2,2,25,10.000000,0.010000,allSensors
acc_1+gyr_1+acc_2+gyr_2+acc_3+gyr_3,personDependent,52,2,2,26,100.000000,0.010000,allSensors
acc_1+gyr_1+acc_2+gyr_2+acc_3+gyr_3,personIndependent,1,1,2,-1,100.000000,0.010000,allSensors
acc_1+gyr_1+acc_2+gyr_2+acc_3+gyr_3,personIndependent,2,2,1,-1,100.000000,0.010000,allSensors
