section,configuration,sensorSet,stepVariant,sensors,featureType,classifier,windowSeconds,stepSeconds,scheme,variant,rounds,windowSamples,stepSamples,precisionAll,recallAll,precisionNonNull,recallNonNull,precisionAllDefined,precisionNonNullDefined,classesNeverPredicted,eventPrecisionAll,eventRecallAll,eventPrecisionNonNull,eventRecallNonNull,detectedGestureSegmentShare,precisionAllSubject1,recallAllSubject1,precisionNonNullSubject1,recallNonNullSubject1,precisionAllSubject2,recallAllSubject2,precisionNonNullSubject2,recallNonNullSubject2
5.6,handAccelerometer.linearDiscriminant.paperStep,handAccelerometer,paperStep,acc_1,VerySimple,linearDiscriminant,1.000000,1.000000,personDependent,,52,32,32,0.704078,0.533374,0.716948,0.499061,0.760682,0.780107,0.923077,0.706867,0.539857,0.719530,0.504907,0.884615,0.773696,0.573012,0.791512,0.541026,0.634460,0.493737,0.642383,0.457097
5.6,handAccelerometer.linearDiscriminant.paperStep,handAccelerometer,paperStep,acc_1,VerySimple,linearDiscriminant,1.000000,1.000000,personIndependent,,2,32,32,0.478990,0.374133,0.460793,0.342054,0.502362,0.486116,0.500000,0.475858,0.378264,0.456040,0.345180,0.648601,0.514190,0.363910,0.506455,0.323139,0.443789,0.384355,0.415132,0.360969
5.6,handAccelerometer.gaussianNaiveBayes.paperStep,handAccelerometer,paperStep,acc_1,VerySimple,gaussianNaiveBayes,1.000000,1.000000,personDependent,,52,32,32,0.665161,0.565500,0.664915,0.544752,0.686790,0.688500,0.384615,0.671494,0.574620,0.670191,0.552267,0.931818,0.713146,0.594196,0.717307,0.570075,0.617177,0.536804,0.612524,0.519428
5.6,handAccelerometer.gaussianNaiveBayes.paperStep,handAccelerometer,paperStep,acc_1,VerySimple,gaussianNaiveBayes,1.000000,1.000000,personIndependent,,2,32,32,0.358913,0.299198,0.330002,0.258568,0.358913,0.330002,0.000000,0.362499,0.303849,0.332382,0.262060,0.618881,0.345024,0.279993,0.320904,0.231522,0.372802,0.318403,0.339101,0.285613
5.6,handAccelerometer.supportVectorMachine.paperStep,handAccelerometer,paperStep,acc_1,VerySimple,supportVectorMachine,1.000000,1.000000,personDependent,,52,32,32,0.807374,0.707867,0.822176,0.691505,0.813601,0.829036,0.096154,0.824545,0.728170,0.838678,0.710084,0.979021,0.816544,0.707647,0.831834,0.690374,0.798204,0.708088,0.812518,0.692635
5.6,handAccelerometer.supportVectorMachine.paperStep,handAccelerometer,paperStep,acc_1,VerySimple,supportVectorMachine,1.000000,1.000000,personIndependent,,2,32,32,0.382174,0.263254,0.364609,0.207840,0.382174,0.364609,0.000000,0.385852,0.269177,0.367840,0.213077,0.522727,0.364934,0.244613,0.348953,0.189954,0.399415,0.281896,0.380266,0.225726
5.6,handAccelerometer.hiddenMarkovModel.paperStep,handAccelerometer,paperStep,acc_1,rawSequence,hiddenMarkovModel,1.000000,1.000000,personDependent,,52,32,32,0.696410,0.662979,0.692772,0.658263,0.702966,0.699869,0.115385,0.708641,0.682392,0.702535,0.675307,0.982517,0.690939,0.647795,0.686157,0.639158,0.701882,0.678164,0.699386,0.677368
5.6,handAccelerometer.hiddenMarkovModel.paperStep,handAccelerometer,paperStep,acc_1,rawSequence,hiddenMarkovModel,1.000000,1.000000,personIndependent,,2,32,32,0.387360,0.371385,0.355519,0.373473,0.387360,0.355519,0.000000,0.392662,0.374741,0.359797,0.376513,0.750000,0.365802,0.355029,0.341054,0.357126,0.408919,0.387741,0.369985,0.389819
5.6,handAccelerometer.adaBoost.paperStep,handAccelerometer,paperStep,acc_1,VerySimple,adaBoost,1.000000,1.000000,personDependent,,52,32,32,0.363020,0.344435,0.349514,0.294909,0.507913,0.508520,3.423077,0.368214,0.351106,0.354129,0.299752,0.566434,0.403827,0.382168,0.390226,0.336182,0.322214,0.306703,0.308803,0.253635
5.6,handAccelerometer.adaBoost.paperStep,handAccelerometer,paperStep,acc_1,VerySimple,adaBoost,1.000000,1.000000,personIndependent,,2,32,32,0.249331,0.234778,0.219153,0.203349,0.286136,0.254990,1.500000,0.253578,0.239176,0.222541,0.207108,0.452797,0.239452,0.240442,0.210495,0.183996,0.259210,0.229113,0.227810,0.222701
5.6,handAccelerometer.kNearestNeighbour.paperStep,handAccelerometer,paperStep,acc_1,VerySimple,kNearestNeighbour,1.000000,1.000000,personDependent,,52,32,32,0.738572,0.708650,0.740725,0.705046,0.739748,0.742030,0.019231,0.756330,0.729141,0.756831,0.723407,0.989510,0.725473,0.704010,0.724918,0.701185,0.751671,0.713290,0.756531,0.708907
5.6,handAccelerometer.kNearestNeighbour.paperStep,handAccelerometer,paperStep,acc_1,VerySimple,kNearestNeighbour,1.000000,1.000000,personIndependent,,2,32,32,0.388413,0.327113,0.364124,0.296833,0.388413,0.364124,0.000000,0.388331,0.327505,0.363575,0.296714,0.624126,0.376815,0.297038,0.354843,0.276454,0.400010,0.357188,0.373405,0.317211
5.6,allSensors.linearDiscriminant.paperStep,allSensors,paperStep,acc_1+gyr_1+acc_2+gyr_2+acc_3+gyr_3,VerySimple,linearDiscriminant,1.000000,1.000000,personDependent,,52,32,32,0.854170,0.701871,0.874063,0.684308,0.855447,0.875502,0.019231,0.863618,0.716269,0.883226,0.697967,0.998252,0.869179,0.716151,0.890943,0.697255,0.839161,0.687591,0.857184,0.671360
5.6,allSensors.linearDiscriminant.paperStep,allSensors,paperStep,acc_1+gyr_1+acc_2+gyr_2+acc_3+gyr_3,VerySimple,linearDiscriminant,1.000000,1.000000,personIndependent,,2,32,32,0.509903,0.389476,0.485432,0.377042,0.531829,0.507725,0.500000,0.514557,0.392437,0.488225,0.378696,0.657343,0.537440,0.375663,0.525020,0.343861,0.482366,0.403290,0.445845,0.410223
5.6,allSensors.gaussianNaiveBayes.paperStep,allSensors,paperStep,acc_1+gyr_1+acc_2+gyr_2+acc_3+gyr_3,VerySimple,gaussianNaiveBayes,1.000000,1.000000,personDependent,,52,32,32,0.770803,0.703046,0.776451,0.707851,0.770803,0.776451,0.000000,0.778266,0.716808,0.783058,0.721050,0.998252,0.802540,0.710565,0.812199,0.699304,0.739066,0.695526,0.740702,0.716399
5.6,allSensors.gaussianNaiveBayes.paperStep,allSensors,paperStep,acc_1+gyr_1+acc_2+gyr_2+acc_3+gyr_3,VerySimple,gaussianNaiveBayes,1.000000,1.000000,personIndependent,,2,32,32,0.510337,0.392479,0.500935,0.361237,0.510337,0.500935,0.000000,0.521313,0.401043,0.511263,0.368536,0.812937,0.486445,0.386508,0.477023,0.347818,0.534230,0.398450,0.524847,0.374657
5.6,allSensors.supportVectorMachine.paperStep,allSensors,paperStep,acc_1+gyr_1+acc_2+gyr_2+acc_3+gyr_3,VerySimple,supportVectorMachine,1.000000,1.000000,personDependent,,52,32,32,0.886326,0.838045,0.900637,0.834565,0.889004,0.903555,0.038462,0.911511,0.866510,0.924338,0.860770,0.994755,0.899185,0.842590,0.914299,0.838251,0.873468,0.833499,0.886974,0.830880
5.6,allSensors.supportVectorMachine.paperStep,allSensors,paperStep,acc_1+gyr_1+acc_2+gyr_2+acc_3+gyr_3,VerySimple,supportVectorMachine,1.000000,1.000000,personIndependent,,2,32,32,0.495390,0.361370,0.487182,0.322552,0.495390,0.487182,0.000000,0.508784,0.369719,0.500683,0.330192,0.631119,0.600271,0.406909,0.605571,0.359454,0.390509,0.315830,0.368793,0.285650
5.6,allSensors.hiddenMarkovModel.paperStep,allSensors,paperStep,acc_1+gyr_1+acc_2+gyr_2+acc_3+gyr_3,rawSequence,hiddenMarkovModel,1.000000,1.000000,personDependent,,52,32,32,0.752773,0.735930,0.752038,0.739709,0.755229,0.754748,0.038462,0.763785,0.753241,0.760355,0.754767,0.986014,0.760268,0.727023,0.761740,0.727362,0.745278,0.744837,0.742335,0.752055
5.6,allSensors.hiddenMarkovModel.paperStep,allSensors,paperStep,acc_1+gyr_1+acc_2+gyr_2+acc_3+gyr_3,rawSequence,hiddenMarkovModel,1.000000,1.000000,personIndependent,,2,32,32,0.400565,0.435872,0.370654,0.437653,0.400565,0.370654,0.000000,0.409560,0.446015,0.377918,0.447636,0.797203,0.412778,0.379410,0.397662,0.349259,0.388352,0.492335,0.343647,0.526047
5.6,allSensors.adaBoost.paperStep,allSensors,paperStep,acc_1+gyr_1+acc_2+gyr_2+acc_3+gyr_3,VerySimple,adaBoost,1.000000,1.000000,personDependent,,52,32,32,0.389664,0.346112,0.383134,0.296416,0.535997,0.547543,3.288462,0.397751,0.353920,0.391054,0.302652,0.582168,0.432360,0.388354,0.425491,0.342693,0.346969,0.303871,0.340776,0.250140
5.6,allSensors.adaBoost.paperStep,allSensors,paperStep,acc_1+gyr_1+acc_2+gyr_2+acc_3+gyr_3,VerySimple,adaBoost,1.000000,1.000000,personIndependent,,2,32,32,0.296035,0.195171,0.280024,0.128019,0.313092,0.298422,0.500000,0.303556,0.198009,0.287814,0.130216,0.293706,0.375246,0.195521,0.367966,0.127745,0.216824,0.194820,0.192082,0.128293
5.6,allSensors.kNearestNeighbour.paperStep,allSensors,paperStep,acc_1+gyr_1+acc_2+gyr_2+acc_3+gyr_3,VerySimple,kNearestNeighbour,1.000000,1.000000,personDependent,,52,32,32,0.843066,0.847975,0.849258,0.856203,0.844366,0.850717,0.019231,0.867667,0.875823,0.871902,0.882380,0.996503,0.844549,0.857725,0.848979,0.868265,0.841584,0.838225,0.849537,0.844141
5.6,allSensors.kNearestNeighbour.paperStep,allSensors,paperStep,acc_1+gyr_1+acc_2+gyr_2+acc_3+gyr_3,VerySimple,kNearestNeighbour,1.000000,1.000000,personIndependent,,2,32,32,0.579537,0.519301,0.565920,0.501676,0.579537,0.565920,0.000000,0.586706,0.524790,0.572558,0.506648,0.868881,0.597402,0.483996,0.593194,0.453326,0.561673,0.554606,0.538646,0.550027
5.6,handAccelerometer.linearDiscriminant.toolboxStep,handAccelerometer,toolboxStep,acc_1,VerySimple,linearDiscriminant,1.000000,0.100000,personDependent,,52,32,3,0.722685,0.536005,0.736472,0.501104,0.730243,0.745010,0.115385,0.722640,0.535926,0.736473,0.500971,0.954545,0.791941,0.572226,0.810538,0.539247,0.653429,0.499784,0.662405,0.462960
5.6,handAccelerometer.linearDiscriminant.toolboxStep,handAccelerometer,toolboxStep,acc_1,VerySimple,linearDiscriminant,1.000000,0.100000,personIndependent,,2,32,3,0.492230,0.378682,0.473684,0.345431,0.492230,0.473684,0.000000,0.492229,0.378668,0.473709,0.345376,0.772727,0.521769,0.374464,0.513167,0.333750,0.462691,0.382901,0.434201,0.357111
5.6,handAccelerometer.gaussianNaiveBayes.toolboxStep,handAccelerometer,toolboxStep,acc_1,VerySimple,gaussianNaiveBayes,1.000000,0.100000,personDependent,,52,32,3,0.687628,0.591208,0.686873,0.568744,0.687628,0.686873,0.000000,0.687856,0.591209,0.687146,0.568648,1.000000,0.721206,0.614295,0.723902,0.588893,0.654051,0.568121,0.649845,0.548595
5.6,handAccelerometer.gaussianNaiveBayes.toolboxStep,handAccelerometer,toolboxStep,acc_1,VerySimple,gaussianNaiveBayes,1.000000,0.100000,personIndependent,,2,32,3,0.376102,0.322078,0.345135,0.283024,0.376102,0.345135,0.000000,0.376054,0.321937,0.345114,0.282833,0.895105,0.367159,0.311053,0.340441,0.265106,0.385045,0.333102,0.349829,0.300942
5.6,handAccelerometer.adaBoost.toolboxStep,handAccelerometer,toolboxStep,acc_1,VerySimple,adaBoost,1.000000,0.100000,personDependent,,52,32,3,0.465233,0.369576,0.457449,0.323098,0.518224,0.514860,1.250000,0.465382,0.369589,0.457645,0.323042,0.812937,0.493863,0.381955,0.486193,0.336348,0.436604,0.357196,0.428704,0.309849
5.6,handAccelerometer.adaBoost.toolboxStep,handAccelerometer,toolboxStep,acc_1,VerySimple,adaBoost,1.000000,0.100000,personIndependent,,2,32,3,0.349372,0.260105,0.329593,0.234994,0.349372,0.329593,0.000000,0.349482,0.259995,0.329753,0.234878,0.715035,0.328863,0.259925,0.311660,0.201584,0.369882,0.260286,0.347526,0.268404
5.6,handAccelerometer.kNearestNeighbour.toolboxStep,handAccelerometer,toolboxStep,acc_1,VerySimple,kNearestNeighbour,1.000000,0.100000,personDependent,,52,32,3,0.761765,0.769173,0.762946,0.768833,0.761765,0.762946,0.000000,0.761867,0.769110,0.763117,0.768747,1.000000,0.771118,0.779877,0.771018,0.779359,0.752412,0.758469,0.754873,0.758307
5.6,handAccelerometer.kNearestNeighbour.toolboxStep,handAccelerometer,toolboxStep,acc_1,VerySimple,kNearestNeighbour,1.000000,0.100000,personIndependent,,2,32,3,0.405399,0.359437,0.380845,0.322813,0.405399,0.380845,0.000000,0.405425,0.359591,0.380900,0.322942,0.842657,0.384914,0.332140,0.361804,0.297676,0.425885,0.386734,0.399887,0.347950
5.6,allSensors.linearDiscriminant.toolboxStep,allSensors,toolboxStep,acc_1+gyr_1+acc_2+gyr_2+acc_3+gyr_3,VerySimple,linearDiscriminant,1.000000,0.100000,personDependent,,52,32,3,0.857993,0.706497,0.877669,0.686777,0.857993,0.877669,0.000000,0.858044,0.706332,0.877773,0.686534,1.000000,0.869377,0.711806,0.890847,0.689864,0.846609,0.701189,0.864491,0.683690
5.6,allSensors.linearDiscriminant.toolboxStep,allSensors,toolboxStep,acc_1+gyr_1+acc_2+gyr_2+acc_3+gyr_3,VerySimple,linearDiscriminant,1.000000,0.100000,personIndependent,,2,32,3,0.536072,0.403234,0.511448,0.390686,0.557705,0.533235,0.500000,0.535841,0.403027,0.511256,0.390415,0.809441,0.596226,0.397046,0.587155,0.364852,0.475918,0.409423,0.435740,0.416520
5.6,allSensors.gaussianNaiveBayes.toolboxStep,allSensors,toolboxStep,acc_1+gyr_1+acc_2+gyr_2+acc_3+gyr_3,VerySimple,gaussianNaiveBayes,1.000000,0.100000,personDependent,,52,32,3,0.766190,0.714592,0.766857,0.720789,0.766190,0.766857,0.000000,0.766330,0.714617,0.767040,0.720727,1.000000,0.790047,0.715003,0.795113,0.704430,0.742332,0.714181,0.738600,0.737149
5.6,allSensors.gaussianNaiveBayes.toolboxStep,allSensors,toolboxStep,acc_1+gyr_1+acc_2+gyr_2+acc_3+gyr_3,VerySimple,gaussianNaiveBayes,1.000000,0.100000,personIndependent,,2,32,3,0.512896,0.403498,0.501200,0.376452,0.512896,0.501200,0.000000,0.512986,0.403378,0.501326,0.376247,0.938811,0.489584,0.402827,0.477246,0.369587,0.536208,0.404168,0.525155,0.383318
5.6,allSensors.adaBoost.toolboxStep,allSensors,toolboxStep,acc_1+gyr_1+acc_2+gyr_2+acc_3+gyr_3,VerySimple,adaBoost,1.000000,0.100000,personDependent,,52,32,3,0.484105,0.367224,0.482447,0.315143,0.561650,0.568673,1.673077,0.484236,0.367102,0.482636,0.314964,0.784965,0.468531,0.368481,0.464748,0.315996,0.499680,0.365968,0.500146,0.314290
5.6,allSensors.adaBoost.toolboxStep,allSensors,toolboxStep,acc_1+gyr_1+acc_2+gyr_2+acc_3+gyr_3,VerySimple,adaBoost,1.000000,0.100000,personIndependent,,2,32,3,0.391764,0.240334,0.366067,0.208293,0.408960,0.384190,0.500000,0.391872,0.240299,0.366209,0.208248,0.638112,0.378315,0.202193,0.362459,0.134824,0.405214,0.278475,0.369675,0.281762
5.6,allSensors.kNearestNeighbour.toolboxStep,allSensors,toolboxStep,acc_1+gyr_1+acc_2+gyr_2+acc_3+gyr_3,VerySimple,kNearestNeighbour,1.000000,0.100000,personDependent,,52,32,3,0.877504,0.900181,0.880472,0.907127,0.877504,0.880472,0.000000,0.878145,0.900761,0.881082,0.907582,1.000000,0.886112,0.904899,0.889673,0.911966,0.868897,0.895463,0.871271,0.902288
5.6,allSensors.kNearestNeighbour.toolboxStep,allSensors,toolboxStep,acc_1+gyr_1+acc_2+gyr_2+acc_3+gyr_3,VerySimple,kNearestNeighbour,1.000000,0.100000,personIndependent,,2,32,3,0.604302,0.538299,0.591500,0.516720,0.604302,0.591500,0.000000,0.604312,0.538056,0.591538,0.516428,0.984266,0.621418,0.487287,0.618426,0.450614,0.587186,0.589311,0.564575,0.582826
