section,configuration,modalitySet,modality,sensors,featureType,classifier,windowSeconds,stepSeconds,scheme,variant,rounds,windowSamples,stepSamples,precisionAll,recallAll,precisionNonNull,recallNonNull,precisionAllDefined,precisionNonNullDefined,classesNeverPredicted,eventPrecisionAll,eventRecallAll,eventPrecisionNonNull,eventRecallNonNull,detectedGestureSegmentShare,precisionAllSubject1,recallAllSubject1,precisionNonNullSubject1,recallNonNullSubject1,precisionAllSubject2,recallAllSubject2,precisionNonNullSubject2,recallNonNullSubject2
5.5,accHand,accHand,accelerometer,acc_1,VerySimple,kNearestNeighbour,1.000000,1.000000,personDependent,,52,32,32,0.738572,0.708650,0.740725,0.705046,0.739748,0.742030,0.019231,0.756330,0.729141,0.756831,0.723407,0.989510,0.725473,0.704010,0.724918,0.701185,0.751671,0.713290,0.756531,0.708907
5.5,accHand,accHand,accelerometer,acc_1,VerySimple,kNearestNeighbour,1.000000,1.000000,personIndependent,,2,32,32,0.388413,0.327113,0.364124,0.296833,0.388413,0.364124,0.000000,0.388331,0.327505,0.363575,0.296714,0.624126,0.376815,0.297038,0.354843,0.276454,0.400010,0.357188,0.373405,0.317211
5.5,accLowerArm,accLowerArm,accelerometer,acc_2,VerySimple,kNearestNeighbour,1.000000,1.000000,personDependent,,52,32,32,0.659903,0.643973,0.658276,0.639646,0.663322,0.662047,0.076923,0.673557,0.661387,0.670048,0.655381,0.968531,0.679345,0.669913,0.676829,0.668236,0.640460,0.618033,0.639722,0.611056
5.5,accLowerArm,accLowerArm,accelerometer,acc_2,VerySimple,kNearestNeighbour,1.000000,1.000000,personIndependent,,2,32,32,0.399379,0.376960,0.376598,0.344796,0.399379,0.376598,0.000000,0.407900,0.383040,0.384853,0.350236,0.730769,0.386815,0.380861,0.365137,0.353642,0.411943,0.373059,0.388058,0.335950
5.5,accUpperArm,accUpperArm,accelerometer,acc_3,VerySimple,kNearestNeighbour,1.000000,1.000000,personDependent,,52,32,32,0.648388,0.621595,0.649274,0.617695,0.657085,0.659014,0.153846,0.662206,0.636491,0.661886,0.631093,0.944056,0.692793,0.671613,0.694026,0.671169,0.603982,0.571578,0.604523,0.564221
5.5,accUpperArm,accUpperArm,accelerometer,acc_3,VerySimple,kNearestNeighbour,1.000000,1.000000,personIndependent,,2,32,32,0.254812,0.191270,0.233831,0.165235,0.254812,0.233831,0.000000,0.257071,0.193685,0.236142,0.167646,0.356643,0.252034,0.196287,0.232351,0.166212,0.257590,0.186254,0.235311,0.164259
5.5,gyrHand,gyrHand,gyroscope,gyr_1,VerySimple,kNearestNeighbour,1.000000,1.000000,personDependent,,52,32,32,0.524958,0.485566,0.524099,0.472693,0.537637,0.538124,0.288462,0.533690,0.493399,0.531875,0.478880,0.879371,0.563560,0.515269,0.563939,0.505779,0.486356,0.455863,0.484259,0.439608
5.5,gyrHand,gyrHand,gyroscope,gyr_1,VerySimple,kNearestNeighbour,1.000000,1.000000,personIndependent,,2,32,32,0.187452,0.186481,0.164096,0.166254,0.187452,0.164096,0.000000,0.190796,0.187301,0.167209,0.166788,0.449301,0.205550,0.199469,0.185022,0.166326,0.169354,0.173493,0.143170,0.166182
5.5,gyrLowerArm,gyrLowerArm,gyroscope,gyr_2,VerySimple,kNearestNeighbour,1.000000,1.000000,personDependent,,52,32,32,0.532310,0.499809,0.534779,0.491456,0.536455,0.539309,0.096154,0.539475,0.510304,0.541720,0.501857,0.902098,0.576125,0.539166,0.579213,0.532814,0.488494,0.460453,0.490345,0.450098
5.5,gyrLowerArm,gyrLowerArm,gyroscope,gyr_2,VerySimple,kNearestNeighbour,1.000000,1.000000,personIndependent,,2,32,32,0.210203,0.218871,0.187886,0.192969,0.210203,0.187886,0.000000,0.211877,0.220780,0.189680,0.195014,0.503497,0.210145,0.210961,0.191672,0.175664,0.210260,0.226782,0.184101,0.210275
5.5,gyrUpperArm,gyrUpperArm,gyroscope,gyr_3,VerySimple,kNearestNeighbour,1.000000,1.000000,personDependent,,52,32,32,0.564750,0.535496,0.565720,0.526093,0.568533,0.569777,0.096154,0.578782,0.549089,0.579442,0.538507,0.937063,0.632352,0.607963,0.635923,0.605470,0.497148,0.463028,0.495516,0.446716
5.5,gyrUpperArm,gyrUpperArm,gyroscope,gyr_3,VerySimple,kNearestNeighbour,1.000000,1.000000,personIndependent,,2,32,32,0.264360,0.256697,0.233446,0.224968,0.264360,0.233446,0.000000,0.266435,0.257024,0.235347,0.224940,0.611888,0.261954,0.259622,0.233967,0.223312,0.266766,0.253772,0.232924,0.226624
5.5,accHandLowerArm,accHandLowerArm,accelerometer,acc_1+acc_2,VerySimple,kNearestNeighbour,1.000000,1.000000,personDependent,,52,32,32,0.780187,0.772084,0.783658,0.775590,0.781370,0.784940,0.019231,0.801710,0.798365,0.803203,0.800125,0.994755,0.784234,0.788127,0.786775,0.794270,0.776139,0.756041,0.780541,0.756910
5.5,accHandLowerArm,accHandLowerArm,accelerometer,acc_1+acc_2,VerySimple,kNearestNeighbour,1.000000,1.000000,personIndependent,,2,32,32,0.466626,0.428478,0.444360,0.399315,0.466626,0.444360,0.000000,0.472149,0.433668,0.449071,0.403532,0.760490,0.469787,0.407506,0.449495,0.378260,0.463464,0.449449,0.439226,0.420370
5.5,gyrHandLowerArm,gyrHandLowerArm,gyroscope,gyr_1+gyr_2,VerySimple,kNearestNeighbour,1.000000,1.000000,personDependent,,52,32,32,0.659481,0.633911,0.663409,0.630830,0.664874,0.669439,0.096154,0.672012,0.648087,0.675032,0.643656,0.966783,0.698508,0.673399,0.702379,0.672465,0.620454,0.594424,0.624439,0.589195
5.5,gyrHandLowerArm,gyrHandLowerArm,gyroscope,gyr_1+gyr_2,VerySimple,kNearestNeighbour,1.000000,1.000000,personIndependent,,2,32,32,0.236030,0.240336,0.213422,0.221484,0.236030,0.213422,0.000000,0.242433,0.244440,0.220058,0.225521,0.526224,0.233854,0.239024,0.212671,0.200682,0.238205,0.241649,0.214173,0.242287
5.5,accHandUpperArm,accHandUpperArm,accelerometer,acc_1+acc_3,VerySimple,kNearestNeighbour,1.000000,1.000000,personDependent,,52,32,32,0.793033,0.788951,0.797935,0.793875,0.794331,0.799379,0.019231,0.816131,0.815478,0.819394,0.818508,0.993007,0.798038,0.799783,0.802242,0.807759,0.788027,0.778119,0.793628,0.779991
5.5,accHandUpperArm,accHandUpperArm,accelerometer,acc_1+acc_3,VerySimple,kNearestNeighbour,1.000000,1.000000,personIndependent,,2,32,32,0.418508,0.325196,0.403624,0.283717,0.418508,0.403624,0.000000,0.425468,0.330576,0.410141,0.288117,0.583916,0.449753,0.294830,0.442199,0.246589,0.387264,0.355562,0.365049,0.320845
5.5,gyrHandUpperArm,gyrHandUpperArm,gyroscope,gyr_1+gyr_3,VerySimple,kNearestNeighbour,1.000000,1.000000,personDependent,,52,32,32,0.734070,0.716227,0.739209,0.716005,0.739705,0.745412,0.096154,0.754625,0.736957,0.758212,0.734377,0.984266,0.767051,0.752411,0.772279,0.756110,0.701089,0.680042,0.706139,0.675899
5.5,gyrHandUpperArm,gyrHandUpperArm,gyroscope,gyr_1+gyr_3,VerySimple,kNearestNeighbour,1.000000,1.000000,personIndependent,,2,32,32,0.287513,0.275043,0.264325,0.243516,0.287513,0.264325,0.000000,0.293650,0.278598,0.269787,0.245908,0.583916,0.295354,0.270962,0.275623,0.227267,0.279671,0.279124,0.253026,0.259765
5.5,accLowerUpperArm,accLowerUpperArm,accelerometer,acc_2+acc_3,VerySimple,kNearestNeighbour,1.000000,1.000000,personDependent,,52,32,32,0.769509,0.759527,0.773028,0.763536,0.775425,0.779474,0.096154,0.787791,0.780396,0.790136,0.783240,0.991259,0.792719,0.789884,0.796142,0.795431,0.746299,0.729170,0.749913,0.731640
5.5,accLowerUpperArm,accLowerUpperArm,accelerometer,acc_2+acc_3,VerySimple,kNearestNeighbour,1.000000,1.000000,personIndependent,,2,32,32,0.393491,0.329794,0.375381,0.298418,0.393491,0.375381,0.000000,0.396962,0.330653,0.378596,0.298811,0.617133,0.419901,0.298780,0.409995,0.261358,0.367081,0.360809,0.340768,0.335479
5.5,gyrLowerUpperArm,gyrLowerUpperArm,gyroscope,gyr_2+gyr_3,VerySimple,kNearestNeighbour,1.000000,1.000000,personDependent,,52,32,32,0.704767,0.676570,0.712579,0.677429,0.709207,0.717595,0.076923,0.722303,0.696704,0.728881,0.695822,0.987762,0.730570,0.716634,0.736134,0.720722,0.678965,0.636506,0.689024,0.634135
5.5,gyrLowerUpperArm,gyrLowerUpperArm,gyroscope,gyr_2+gyr_3,VerySimple,kNearestNeighbour,1.000000,1.000000,personIndependent,,2,32,32,0.318157,0.296255,0.297993,0.266282,0.318157,0.297993,0.000000,0.318255,0.297601,0.297447,0.266842,0.657343,0.278786,0.284435,0.255947,0.245767,0.357527,0.308075,0.340039,0.286798
5.5,accAll,accAll,accelerometer,acc_1+acc_2+acc_3,VerySimple,kNearestNeighbour,1.000000,1.000000,personDependent,,52,32,32,0.819725,0.820999,0.825134,0.828001,0.821000,0.826551,0.019231,0.841502,0.846938,0.844881,0.852091,0.994755,0.835710,0.836814,0.841304,0.844613,0.803739,0.805184,0.808964,0.811390
5.5,accAll,accAll,accelerometer,acc_1+acc_2+acc_3,VerySimple,kNearestNeighbour,1.000000,1.000000,personIndependent,,2,32,32,0.474090,0.399003,0.456959,0.370026,0.474090,0.456959,0.000000,0.480114,0.403884,0.462452,0.374269,0.732517,0.514176,0.375888,0.505875,0.340351,0.434004,0.422119,0.408043,0.399701
5.5,gyrAll,gyrAll,gyroscope,gyr_1+gyr_2+gyr_3,VerySimple,kNearestNeighbour,1.000000,1.000000,personDependent,,52,32,32,0.762834,0.748920,0.767415,0.750650,0.765321,0.770178,0.038462,0.782622,0.771551,0.784978,0.770985,0.991259,0.783188,0.771777,0.788119,0.776220,0.742480,0.726064,0.746712,0.725080
5.5,gyrAll,gyrAll,gyroscope,gyr_1+gyr_2+gyr_3,VerySimple,kNearestNeighbour,1.000000,1.000000,personIndependent,,2,32,32,0.342400,0.313827,0.325649,0.302031,0.342400,0.325649,0.000000,0.346612,0.316169,0.329706,0.304144,0.713287,0.366873,0.312348,0.357460,0.289962,0.317927,0.315305,0.293838,0.314100
