section,configuration,sensorSet,featureSet,sensors,featureType,classifier,windowSeconds,stepSeconds,scheme,variant,rounds,windowSamples,stepSamples,precisionAll,recallAll,precisionNonNull,recallNonNull,precisionAllDefined,precisionNonNullDefined,classesNeverPredicted,eventPrecisionAll,eventRecallAll,eventPrecisionNonNull,eventRecallNonNull,detectedGestureSegmentShare,precisionAllSubject1,recallAllSubject1,precisionNonNullSubject1,recallNonNullSubject1,precisionAllSubject2,recallAllSubject2,precisionNonNullSubject2,recallNonNullSubject2
5.2,handAccelerometer.Raw,handAccelerometer,Raw,acc_1,Raw,kNearestNeighbour,0.031250,0.031250,personDependent,,52,1,1,0.354730,0.348483,0.335325,0.318020,0.354730,0.335325,0.000000,0.354730,0.348483,0.335325,0.318020,1.000000,0.352237,0.344754,0.331508,0.314127,0.357223,0.352211,0.339143,0.321914
5.2,handAccelerometer.Raw,handAccelerometer,Raw,acc_1,Raw,kNearestNeighbour,0.031250,0.031250,personIndependent,,2,1,1,0.207401,0.201962,0.171898,0.170596,0.207401,0.171898,0.000000,0.207401,0.201962,0.171898,0.170596,1.000000,0.199561,0.196249,0.166404,0.159650,0.215240,0.207675,0.177393,0.181543
5.2,handAccelerometer.RawWindow,handAccelerometer,RawWindow,acc_1,Raw,kNearestNeighbour,1.000000,1.000000,personDependent,,52,32,32,0.775658,0.723209,0.786392,0.719856,0.782392,0.794029,0.096154,0.800210,0.747536,0.809434,0.741391,0.986014,0.783911,0.755817,0.789944,0.758103,0.767405,0.690601,0.782839,0.681610
5.2,handAccelerometer.RawWindow,handAccelerometer,RawWindow,acc_1,Raw,kNearestNeighbour,1.000000,1.000000,personIndependent,,2,32,32,0.549079,0.394481,0.544443,0.352062,0.549079,0.544443,0.000000,0.555320,0.398715,0.550334,0.355316,0.727273,0.600166,0.433378,0.602064,0.393937,0.497992,0.355584,0.486822,0.310186
5.2,handAccelerometer.VerySimple,handAccelerometer,VerySimple,acc_1,VerySimple,kNearestNeighbour,1.000000,1.000000,personDependent,,52,32,32,0.738572,0.708650,0.740725,0.705046,0.739748,0.742030,0.019231,0.756330,0.729141,0.756831,0.723407,0.989510,0.725473,0.704010,0.724918,0.701185,0.751671,0.713290,0.756531,0.708907
5.2,handAccelerometer.VerySimple,handAccelerometer,VerySimple,acc_1,VerySimple,kNearestNeighbour,1.000000,1.000000,personIndependent,,2,32,32,0.388413,0.327113,0.364124,0.296833,0.388413,0.364124,0.000000,0.388331,0.327505,0.363575,0.296714,0.624126,0.376815,0.297038,0.354843,0.276454,0.400010,0.357188,0.373405,0.317211
5.2,handAccelerometer.Simple,handAccelerometer,Simple,acc_1,Simple,kNearestNeighbour,1.000000,1.000000,personDependent,,52,32,32,0.695030,0.669170,0.696550,0.666530,0.696661,0.698239,0.038462,0.711464,0.687272,0.711724,0.683024,0.980769,0.685166,0.667779,0.685035,0.667152,0.704894,0.670561,0.708065,0.665908
5.2,handAccelerometer.Simple,handAccelerometer,Simple,acc_1,Simple,kNearestNeighbour,1.000000,1.000000,personIndependent,,2,32,32,0.382060,0.382114,0.354774,0.352034,0.382060,0.354774,0.000000,0.384381,0.386451,0.356462,0.355834,0.669580,0.379696,0.361570,0.355482,0.331954,0.384425,0.402659,0.354066,0.372115
5.2,handAccelerometer.FFT,handAccelerometer,FFT,acc_1,FFT,kNearestNeighbour,1.000000,1.000000,personDependent,,52,32,32,0.450282,0.423048,0.445432,0.411590,0.463776,0.460269,0.346154,0.451609,0.427062,0.446146,0.414977,0.819930,0.467307,0.446503,0.461548,0.440096,0.433258,0.399594,0.429317,0.383084
5.2,handAccelerometer.FFT,handAccelerometer,FFT,acc_1,FFT,kNearestNeighbour,1.000000,1.000000,personIndependent,,2,32,32,0.293497,0.270633,0.270797,0.246659,0.293497,0.270797,0.000000,0.292984,0.270471,0.270439,0.246676,0.604895,0.319932,0.269922,0.302563,0.243858,0.267062,0.271345,0.239031,0.249460
5.2,handAccelerometer.All,handAccelerometer,All,acc_1,All,kNearestNeighbour,1.000000,1.000000,personDependent,,52,32,32,0.603790,0.572565,0.600543,0.563648,0.618614,0.616705,0.288462,0.612543,0.585536,0.608246,0.575452,0.930070,0.603633,0.580641,0.597602,0.574908,0.603947,0.564489,0.603483,0.552389
5.2,handAccelerometer.All,handAccelerometer,All,acc_1,All,kNearestNeighbour,1.000000,1.000000,personIndependent,,2,32,32,0.373269,0.363596,0.346857,0.337060,0.373269,0.346857,0.000000,0.374907,0.365710,0.348148,0.338881,0.694056,0.406566,0.365017,0.386491,0.336619,0.339972,0.362175,0.307223,0.337501
5.2,allSensors.Raw,allSensors,Raw,acc_1+gyr_1+acc_2+gyr_2+acc_3+gyr_3,Raw,kNearestNeighbour,0.031250,0.031250,personDependent,,52,1,1,0.755010,0.765243,0.756996,0.765778,0.755010,0.756996,0.000000,0.755010,0.765243,0.756996,0.765778,1.000000,0.756523,0.772200,0.759199,0.775979,0.753497,0.758286,0.754793,0.755577
5.2,allSensors.Raw,allSensors,Raw,acc_1+gyr_1+acc_2+gyr_2+acc_3+gyr_3,Raw,kNearestNeighbour,0.031250,0.031250,personIndependent,,2,1,1,0.394644,0.366542,0.370529,0.340713,0.394644,0.370529,0.000000,0.394644,0.366542,0.370529,0.340713,1.000000,0.396017,0.352703,0.379531,0.322390,0.393271,0.380381,0.361528,0.359036
5.2,allSensors.RawWindow,allSensors,RawWindow,acc_1+gyr_1+acc_2+gyr_2+acc_3+gyr_3,Raw,kNearestNeighbour,1.000000,1.000000,personDependent,,52,32,32,0.819503,0.792233,0.827075,0.793041,0.824016,0.831962,0.076923,0.846106,0.821764,0.851085,0.819782,0.982517,0.822670,0.818756,0.829174,0.825633,0.816336,0.765711,0.824976,0.760448
5.2,allSensors.RawWindow,allSensors,RawWindow,acc_1+gyr_1+acc_2+gyr_2+acc_3+gyr_3,Raw,kNearestNeighbour,1.000000,1.000000,personIndependent,,2,32,32,0.605002,0.394885,0.608891,0.354841,0.605002,0.608891,0.000000,0.615375,0.400245,0.619260,0.359152,0.692308,0.653772,0.423693,0.662067,0.377300,0.556231,0.366076,0.555715,0.332382
5.2,allSensors.VerySimple,allSensors,VerySimple,acc_1+gyr_1+acc_2+gyr_2+acc_3+gyr_3,VerySimple,kNearestNeighbour,1.000000,1.000000,personDependent,,52,32,32,0.843066,0.847975,0.849258,0.856203,0.844366,0.850717,0.019231,0.867667,0.875823,0.871902,0.882380,0.996503,0.844549,0.857725,0.848979,0.868265,0.841584,0.838225,0.849537,0.844141
5.2,allSensors.VerySimple,allSensors,VerySimple,acc_1+gyr_1+acc_2+gyr_2+acc_3+gyr_3,VerySimple,kNearestNeighbour,1.000000,1.000000,personIndependent,,2,32,32,0.579537,0.519301,0.565920,0.501676,0.579537,0.565920,0.000000,0.586706,0.524790,0.572558,0.506648,0.868881,0.597402,0.483996,0.593194,0.453326,0.561673,0.554606,0.538646,0.550027
5.2,allSensors.Simple,allSensors,Simple,acc_1+gyr_1+acc_2+gyr_2+acc_3+gyr_3,Simple,kNearestNeighbour,1.000000,1.000000,personDependent,,52,32,32,0.818367,0.812974,0.823870,0.818310,0.819464,0.825035,0.019231,0.838406,0.837819,0.841765,0.841161,0.996503,0.811093,0.813388,0.814858,0.821058,0.825640,0.812560,0.832882,0.815563
5.2,allSensors.Simple,allSensors,Simple,acc_1+gyr_1+acc_2+gyr_2+acc_3+gyr_3,Simple,kNearestNeighbour,1.000000,1.000000,personIndependent,,2,32,32,0.549524,0.519929,0.532192,0.501327,0.549524,0.532192,0.000000,0.559798,0.527605,0.541848,0.508163,0.882867,0.586036,0.491644,0.577932,0.460714,0.513012,0.548214,0.486452,0.541939
5.2,allSensors.FFT,allSensors,FFT,acc_1+gyr_1+acc_2+gyr_2+acc_3+gyr_3,FFT,kNearestNeighbour,1.000000,1.000000,personDependent,,52,32,32,0.585866,0.544044,0.586311,0.542057,0.600163,0.602024,0.288462,0.595325,0.555288,0.594563,0.552379,0.916084,0.577705,0.554013,0.574745,0.554225,0.594026,0.534074,0.597877,0.529890
5.2,allSensors.FFT,allSensors,FFT,acc_1+gyr_1+acc_2+gyr_2+acc_3+gyr_3,FFT,kNearestNeighbour,1.000000,1.000000,personIndependent,,2,32,32,0.417033,0.361936,0.396902,0.347163,0.417033,0.396902,0.000000,0.421348,0.363136,0.400471,0.347376,0.716783,0.465453,0.375644,0.455922,0.351539,0.368614,0.348228,0.337882,0.342786
5.2,allSensors.All,allSensors,All,acc_1+gyr_1+acc_2+gyr_2+acc_3+gyr_3,All,kNearestNeighbour,1.000000,1.000000,personDependent,,52,32,32,0.741245,0.720798,0.746333,0.720074,0.744821,0.750331,0.057692,0.758266,0.741161,0.762027,0.739053,0.989510,0.745225,0.739073,0.749371,0.741422,0.737266,0.702523,0.743295,0.698725
5.2,allSensors.All,allSensors,All,acc_1+gyr_1+acc_2+gyr_2+acc_3+gyr_3,All,kNearestNeighbour,1.000000,1.000000,personIndependent,,2,32,32,0.497294,0.467006,0.477469,0.447542,0.497294,0.477469,0.000000,0.505820,0.472390,0.485541,0.452153,0.835664,0.552801,0.465255,0.544254,0.436676,0.441787,0.468758,0.410684,0.458408
