section,configuration,placement,sensors,featureType,classifier,windowSeconds,stepSeconds,scheme,variant,rounds,windowSamples,stepSamples,precisionAll,recallAll,precisionNonNull,recallNonNull,precisionAllDefined,precisionNonNullDefined,classesNeverPredicted,eventPrecisionAll,eventRecallAll,eventPrecisionNonNull,eventRecallNonNull,detectedGestureSegmentShare,precisionAllSubject1,recallAllSubject1,precisionNonNullSubject1,recallNonNullSubject1,precisionAllSubject2,recallAllSubject2,precisionNonNullSubject2,recallNonNullSubject2
5.4,hand,hand,acc_1+gyr_1,VerySimple,kNearestNeighbour,1.000000,1.000000,personDependent,,52,32,32,0.789544,0.783812,0.794741,0.788044,0.794301,0.799943,0.076923,0.809907,0.806773,0.813669,0.809370,0.993007,0.795796,0.795218,0.799368,0.802167,0.783292,0.772406,0.790115,0.773921
5.4,hand,hand,acc_1+gyr_1,VerySimple,kNearestNeighbour,1.000000,1.000000,personIndependent,,2,32,32,0.433107,0.382520,0.413001,0.350405,0.433107,0.413001,0.000000,0.440764,0.388824,0.419993,0.355723,0.697552,0.455471,0.382585,0.440936,0.351666,0.410743,0.382455,0.385065,0.349144
5.4,lowerArm,lowerArm,acc_2+gyr_2,VerySimple,kNearestNeighbour,1.000000,1.000000,personDependent,,52,32,32,0.775261,0.760223,0.780499,0.763386,0.777142,0.782430,0.038462,0.794526,0.784433,0.797784,0.785784,0.994755,0.795220,0.796523,0.799096,0.805022,0.755301,0.723922,0.761902,0.721750
5.4,lowerArm,lowerArm,acc_2+gyr_2,VerySimple,kNearestNeighbour,1.000000,1.000000,personIndependent,,2,32,32,0.444222,0.413647,0.425613,0.389402,0.444222,0.425613,0.000000,0.450671,0.418326,0.431673,0.393348,0.770979,0.487305,0.432081,0.474395,0.400716,0.401140,0.395213,0.376831,0.378087
5.4,upperArm,upperArm,acc_3+gyr_3,VerySimple,kNearestNeighbour,1.000000,1.000000,personDependent,,52,32,32,0.775514,0.764095,0.781853,0.766654,0.779261,0.786046,0.057692,0.797107,0.788536,0.801502,0.788917,0.986014,0.806246,0.814982,0.812808,0.824827,0.744782,0.713208,0.750898,0.708480
5.4,upperArm,upperArm,acc_3+gyr_3,VerySimple,kNearestNeighbour,1.000000,1.000000,personIndependent,,2,32,32,0.332966,0.255489,0.316724,0.229627,0.332966,0.316724,0.000000,0.335599,0.255257,0.320119,0.230040,0.491259,0.326474,0.266700,0.316208,0.246664,0.339458,0.244279,0.317240,0.212589
5.4,handLowerArm,handLowerArm,acc_1+gyr_1+acc_2+gyr_2,VerySimple,kNearestNeighbour,1.000000,1.000000,personDependent,,52,32,32,0.825887,0.822838,0.831667,0.829312,0.827168,0.833105,0.019231,0.846810,0.848126,0.850724,0.853032,0.996503,0.829847,0.837294,0.834170,0.846343,0.821927,0.808383,0.829164,0.812280
5.4,handLowerArm,handLowerArm,acc_1+gyr_1+acc_2+gyr_2,VerySimple,kNearestNeighbour,1.000000,1.000000,personIndependent,,2,32,32,0.546434,0.488524,0.534803,0.465325,0.546434,0.534803,0.000000,0.552757,0.493141,0.540908,0.469431,0.825175,0.578167,0.488269,0.574271,0.462789,0.514702,0.488778,0.495335,0.467861
5.4,handUpperArm,handUpperArm,acc_1+gyr_1+acc_3+gyr_3,VerySimple,kNearestNeighbour,1.000000,1.000000,personDependent,,52,32,32,0.843401,0.849204,0.849913,0.857161,0.847445,0.854386,0.057692,0.871199,0.880109,0.875363,0.885740,0.993007,0.848947,0.859026,0.855160,0.869621,0.837855,0.839381,0.844665,0.844701
5.4,handUpperArm,handUpperArm,acc_1+gyr_1+acc_3+gyr_3,VerySimple,kNearestNeighbour,1.000000,1.000000,personIndependent,,2,32,32,0.533366,0.455267,0.520946,0.429283,0.533366,0.520946,0.000000,0.543116,0.463552,0.530083,0.436796,0.814685,0.559524,0.428482,0.557768,0.387575,0.507208,0.482052,0.484125,0.470992
5.4,lowerUpperArm,lowerUpperArm,acc_2+gyr_2+acc_3+gyr_3,VerySimple,kNearestNeighbour,1.000000,1.000000,personDependent,,52,32,32,0.823957,0.817944,0.829942,0.824010,0.825170,0.831309,0.019231,0.848700,0.845584,0.852422,0.849362,0.996503,0.841072,0.840966,0.847489,0.850142,0.806842,0.794922,0.812396,0.797879
5.4,lowerUpperArm,lowerUpperArm,acc_2+gyr_2+acc_3+gyr_3,VerySimple,kNearestNeighbour,1.000000,1.000000,personIndependent,,2,32,32,0.527892,0.452060,0.513965,0.436585,0.527892,0.513965,0.000000,0.537472,0.457276,0.523429,0.441648,0.814685,0.556787,0.426730,0.552689,0.404118,0.498997,0.477390,0.475241,0.469052
5.4,allPlacements,allPlacements,acc_1+gyr_1+acc_2+gyr_2+acc_3+gyr_3,VerySimple,kNearestNeighbour,1.000000,1.000000,personDependent,,52,32,32,0.843066,0.847975,0.849258,0.856203,0.844366,0.850717,0.019231,0.867667,0.875823,0.871902,0.882380,0.996503,0.844549,0.857725,0.848979,0.868265,0.841584,0.838225,0.849537,0.844141
5.4,allPlacements,allPlacements,acc_1+gyr_1+acc_2+gyr_2+acc_3+gyr_3,VerySimple,kNearestNeighbour,1.000000,1.000000,personIndependent,,2,32,32,0.579537,0.519301,0.565920,0.501676,0.579537,0.565920,0.000000,0.586706,0.524790,0.572558,0.506648,0.868881,0.597402,0.483996,0.593194,0.453326,0.561673,0.554606,0.538646,0.550027
