method,budgetPercent,realizedBudget,macroF1,macroF1Std,accuracy,runs
random,5,0.051918,0.107721,0.003054,0.439968,3
random,10,0.101811,0.126848,0.000326,0.461884,3
random,20,0.201568,0.137629,0.000822,0.477686,3
random,50,0.500941,0.144903,0.000816,0.488278,3
random,100,1.000000,0.145282,0.000000,0.489146,3
uniformStride,5,0.051918,0.117498,,0.452125,1
uniformStride,10,0.101811,0.130597,,0.472277,1
uniformStride,20,0.201568,0.143062,,0.487093,1
uniformStride,50,0.500941,0.146309,,0.491190,1
uniformStride,100,1.000000,0.145282,,0.489146,1
changeTrigger,5,0.055726,0.072552,,0.394472,1
changeTrigger,10,0.104759,0.082815,,0.413249,1
changeTrigger,20,0.204164,0.097323,,0.437282,1
changeTrigger,50,0.500715,0.117556,,0.458275,1
changeTrigger,100,1.000000,0.145282,,0.489146,1
accelerationVariance,5,0.051918,0.082124,,0.389542,1
accelerationVariance,10,0.101811,0.088282,,0.409595,1
accelerationVariance,20,0.201568,0.117201,,0.446236,1
accelerationVariance,50,0.500941,0.128886,,0.464471,1
accelerationVariance,100,1.000000,0.145282,,0.489146,1
windowChange,5,0.051918,0.071047,,0.395132,1
windowChange,10,0.101811,0.082437,,0.416243,1
windowChange,20,0.201568,0.099149,,0.439263,1
windowChange,50,0.500941,0.128057,,0.471409,1
windowChange,100,1.000000,0.145282,,0.489146,1
spectralEntropy,5,0.051918,0.088145,,0.420820,1
spectralEntropy,10,0.101811,0.098773,,0.431764,1
spectralEntropy,20,0.201568,0.111661,,0.449891,1
spectralEntropy,50,0.500941,0.134439,,0.478039,1
spectralEntropy,100,1.000000,0.145282,,0.489146,1
meanRank,5,0.051918,0.082226,,0.398949,1
meanRank,10,0.101811,0.093213,,0.417980,1
meanRank,20,0.201568,0.112936,,0.447177,1
meanRank,50,0.500941,0.134478,,0.475135,1
meanRank,100,1.000000,0.145282,,0.489146,1
