method,budgetPercent,seed,realizedBudget,macroF1,accuracy
random,5,42.000000,0.051918,0.110633,0.446490
random,5,43.000000,0.051918,0.107988,0.439507
random,5,44.000000,0.051918,0.104542,0.433908
random,10,42.000000,0.101811,0.126768,0.462083
random,10,43.000000,0.101811,0.127207,0.460907
random,10,44.000000,0.101811,0.126570,0.462662
random,20,42.000000,0.201568,0.137639,0.476836
random,20,43.000000,0.201568,0.136802,0.476980
random,20,44.000000,0.201568,0.138447,0.479242
random,50,42.000000,0.500941,0.145250,0.487907
random,50,43.000000,0.500941,0.145488,0.487265
random,50,44.000000,0.500941,0.143971,0.489662
random,100,42.000000,1.000000,0.145282,0.489146
random,100,43.000000,1.000000,0.145282,0.489146
random,100,44.000000,1.000000,0.145282,0.489146
uniformStride,5,,0.051918,0.117498,0.452125
uniformStride,10,,0.101811,0.130597,0.472277
uniformStride,20,,0.201568,0.143062,0.487093
uniformStride,50,,0.500941,0.146309,0.491190
uniformStride,100,,1.000000,0.145282,0.489146
changeTrigger,5,,0.055726,0.072552,0.394472
changeTrigger,10,,0.104759,0.082815,0.413249
changeTrigger,20,,0.204164,0.097323,0.437282
changeTrigger,50,,0.500715,0.117556,0.458275
changeTrigger,100,,1.000000,0.145282,0.489146
accelerationVariance,5,,0.051918,0.082124,0.389542
accelerationVariance,10,,0.101811,0.088282,0.409595
accelerationVariance,20,,0.201568,0.117201,0.446236
accelerationVariance,50,,0.500941,0.128886,0.464471
accelerationVariance,100,,1.000000,0.145282,0.489146
windowChange,5,,0.051918,0.071047,0.395132
windowChange,10,,0.101811,0.082437,0.416243
windowChange,20,,0.201568,0.099149,0.439263
windowChange,50,,0.500941,0.128057,0.471409
windowChange,100,,1.000000,0.145282,0.489146
spectralEntropy,5,,0.051918,0.088145,0.420820
spectralEntropy,10,,0.101811,0.098773,0.431764
spectralEntropy,20,,0.201568,0.111661,0.449891
spectralEntropy,50,,0.500941,0.134439,0.478039
spectralEntropy,100,,1.000000,0.145282,0.489146
meanRank,5,,0.051918,0.082226,0.398949
meanRank,10,,0.101811,0.093213,0.417980
meanRank,20,,0.201568,0.112936,0.447177
meanRank,50,,0.500941,0.134478,0.475135
meanRank,100,,1.000000,0.145282,0.489146
