activity,windows,windowShare
blow-dry,159,0.001438
change clothes,12424,0.112375
clean up,5010,0.045316
collect dishes,2177,0.019691
comb hair,493,0.004459
deliver food,3755,0.033964
dental care,828,0.007489
documentation,794,0.007182
kitchen preparation,5293,0.047875
make bed,4839,0.043769
null - activity,43686,0.395141
pour drinks,1019,0.009217
prepare bath,1928,0.017439
push wheelchair,3450,0.031205
put accessories,250,0.002261
put food on plate,2968,0.026846
put medication,1200,0.010854
serve food,9087,0.082192
wash at sink,3494,0.031603
wash hair,62,0.000561
wash in bed,5989,0.054171
wheelchair transfer,1353,0.012238
wipe up,300,0.002714
