subject,walkingBouts,usedBouts,usedSeconds,fftStepsPerSecond,fftBoutMin,fftBoutMax,acfStepsPerSecond,acfRelativeToFft,verticalStepsPerSecond,verticalRelativeToFft,dominantPeakHz,dominantToStepRatio,dominantPeakIsStride,ssaStepsPerSecond,ssaToRawRatio,ssaNyquistHz
1,8,8,131.840000,1.757812,1.672363,1.843262,1.758826,0.000577,1.766968,0.005208,0.885010,0.503472,True,0.148061,0.084230,0.390625
2,4,4,80.640000,1.770020,1.733398,1.843262,1.782844,0.007246,1.776123,0.003448,1.788330,1.010345,False,0.200030,0.113010,0.390625
3,4,4,79.360000,1.702881,1.599121,1.721191,1.696320,-0.003853,1.702881,0.000000,1.696777,0.996416,False,0.138718,0.081461,0.390625
4,4,4,81.920000,1.934814,1.892090,1.977539,1.942087,0.003759,1.937866,0.001577,1.928711,0.996845,False,0.194823,0.100693,0.390625
5,4,4,76.800000,1.788330,1.647949,1.855469,1.783116,-0.002916,1.794434,0.003413,0.897217,0.501706,True,0.294517,0.164688,0.390625
6,4,4,78.080000,1.770020,1.721191,1.782227,1.754248,-0.008910,1.770020,0.000000,1.763916,0.996552,False,0.224151,0.126638,0.390625
7,4,4,78.080000,1.849365,1.733398,1.879883,1.842323,-0.003808,1.846313,-0.001650,1.843262,0.996700,False,0.277877,0.150255,0.390625
8,5,4,65.280000,1.885986,1.806641,1.928711,1.872602,-0.007097,1.882935,-0.001618,0.927734,0.491909,True,0.262077,0.138960,0.390625
9,4,4,71.680000,1.934814,1.904297,1.989746,1.918733,-0.008312,1.937866,0.001577,0.964355,0.498423,True,0.386172,0.199591,0.390625
10,4,4,72.960000,1.794434,1.794434,1.843262,1.792601,-0.001021,1.797485,0.001701,0.903320,0.503401,True,0.249264,0.138909,0.390625
11,5,4,75.520000,1.708984,1.647949,1.757812,1.705489,-0.002045,1.715088,0.003571,0.860596,0.503571,True,0.193592,0.113279,0.390625
12,4,4,69.120000,1.770020,1.745605,1.794434,1.765375,-0.002624,1.773071,0.001724,1.770020,1.000000,False,0.179909,0.101642,0.390625
13,4,4,78.080000,1.934814,1.818848,1.953125,1.921403,-0.006931,1.925659,-0.004732,1.934814,1.000000,False,0.146576,0.075757,0.390625
14,4,4,80.640000,1.672363,1.586914,1.684570,1.668536,-0.002288,1.669312,-0.001825,1.666260,0.996350,False,0.136302,0.081503,0.390625
15,4,4,74.240000,1.757812,1.721191,1.806641,1.746641,-0.006355,1.751709,-0.003472,0.885010,0.503472,True,0.139420,0.079315,0.390625
16,4,4,70.400000,1.806641,1.794434,1.831055,1.802816,-0.002117,1.806641,0.000000,1.806641,1.000000,False,0.214194,0.118559,0.390625
17,4,4,83.200000,1.623535,1.574707,1.684570,1.620570,-0.001826,1.623535,0.000000,1.617432,0.996241,False,0.071316,0.043927,0.390625
18,4,4,76.800000,1.818848,1.806641,1.855469,1.816621,-0.001224,1.821899,0.001678,0.909424,0.500000,True,0.271323,0.149173,0.390625
19,4,4,71.680000,1.959229,1.904297,2.014160,1.961900,0.001363,1.959229,0.000000,0.982666,0.501558,True,0.198026,0.101073,0.390625
20,4,4,70.400000,1.861572,1.757812,1.867676,1.852012,-0.005136,1.852417,-0.004918,1.843262,0.990164,False,0.308983,0.165980,0.390625
21,4,4,71.680000,1.934814,1.892090,1.965332,1.936268,0.000751,1.937866,0.001577,1.922607,0.993691,False,0.226513,0.117072,0.390625
22,4,4,64.000000,1.971436,1.940918,2.014160,1.972237,0.000406,1.971436,0.000000,0.988770,0.501548,True,0.138809,0.070410,0.390625
23,4,4,80.640000,1.672363,1.635742,1.721191,1.700691,0.016938,1.687622,0.009124,1.678467,1.003650,False,0.144193,0.086221,0.390625
24,4,4,79.360000,1.629639,1.599121,1.660156,1.632166,0.001551,1.626587,-0.001873,1.623535,0.996255,False,0.114123,0.070030,0.390625
25,4,4,99.840000,1.544189,1.513672,1.611328,1.552586,0.005437,1.565552,0.013834,1.550293,1.003953,False,0.214797,0.139100,0.390625
26,4,4,80.640000,1.727295,1.684570,1.818848,1.714220,-0.007569,1.724243,-0.001767,1.702881,0.985866,False,0.164182,0.095051,0.390625
27,4,4,78.080000,1.800537,1.782227,1.831055,1.793059,-0.004153,1.800537,0.000000,1.800537,1.000000,False,0.212784,0.118178,0.390625
28,5,4,67.840000,1.776123,1.696777,1.794434,1.769890,-0.003510,1.773071,-0.001718,1.763916,0.993127,False,0.255173,0.143669,0.390625
29,4,4,72.960000,1.763916,1.733398,1.782227,1.753750,-0.005763,1.757812,-0.003460,0.878906,0.498270,True,0.171630,0.097300,0.390625
30,4,4,88.320000,1.635742,1.611328,1.684570,1.633123,-0.001601,1.632690,-0.001866,0.823975,0.503731,True,0.060364,0.036903,0.390625
