subject,bout,windows,seconds,used,fftStepsPerSecond,acfStepsPerSecond,verticalStepsPerSecond,dominantPeakHz
1,6,8,11.520000,True,1.831055,1.810812,1.824951,0.915527
1,7,12,16.640000,True,1.831055,1.826680,1.837158,0.909424
1,8,13,17.920000,True,1.843262,1.829120,1.843262,0.921631
1,9,14,19.200000,True,1.794434,1.788867,1.806641,0.897217
1,22,8,11.520000,True,1.672363,1.672051,1.678467,0.848389
1,23,13,17.920000,True,1.721191,1.728785,1.727295,1.721191
1,24,13,17.920000,True,1.708984,1.695158,1.702881,1.702881
1,25,14,19.200000,True,1.696777,1.703305,1.702881,1.702881
2,606,15,20.480000,True,1.733398,1.779243,1.739502,1.733398
2,607,15,20.480000,True,1.757812,1.752197,1.757812,1.757812
2,620,15,20.480000,True,1.782227,1.786446,1.794434,1.794434
2,621,14,19.200000,True,1.843262,1.844595,1.849365,1.849365
3,39,16,21.760000,True,1.599121,1.599510,1.605225,1.605225
3,40,15,20.480000,True,1.684570,1.678885,1.684570,1.684570
3,54,14,19.200000,True,1.721191,1.721910,1.727295,1.727295
3,55,13,17.920000,True,1.721191,1.713756,1.721191,1.721191
4,634,16,21.760000,True,1.892090,1.882937,1.892090,1.885986
4,635,15,20.480000,True,1.928711,1.931033,1.922607,1.922607
4,649,15,20.480000,True,1.940918,1.953142,1.953125,1.947021
4,650,14,19.200000,True,1.977539,1.979855,1.983643,1.977539
5,68,16,21.760000,True,1.647949,1.652234,1.672363,1.654053
5,69,14,19.200000,True,1.733398,1.722329,1.739502,0.866699
5,82,13,17.920000,True,1.843262,1.852264,1.849365,0.933838
5,83,13,17.920000,True,1.855469,1.843903,1.849365,0.927734
6,96,15,20.480000,True,1.721191,1.714854,1.702881,1.702881
6,97,14,19.200000,True,1.782227,1.778297,1.782227,1.782227
6,110,14,19.200000,True,1.757812,1.757717,1.757812,1.757812
6,111,14,19.200000,True,1.782227,1.750779,1.782227,1.776123
7,124,15,20.480000,True,1.733398,1.761247,1.739502,1.739502
7,125,14,19.200000,True,1.831055,1.825151,1.831055,1.831055
7,138,14,19.200000,True,1.867676,1.859496,1.861572,1.861572
7,139,14,19.200000,True,1.879883,1.863082,1.867676,1.861572
8,152,13,17.920000,True,1.806641,1.816557,1.812744,0.909424
8,153,10,14.080000,True,1.855469,1.844175,1.855469,0.933838
8,154,1,2.560000,False,,,,
8,167,12,16.640000,True,1.928711,1.917119,1.922607,1.928711
8,168,12,16.640000,True,1.916504,1.901028,1.910400,2.868652
9,663,13,17.920000,True,1.989746,1.986125,1.983643,2.020264
9,664,13,17.920000,True,1.928711,1.919148,1.928711,2.880859
9,680,13,17.920000,True,1.940918,1.918318,1.947021,0.970459
9,681,13,17.920000,True,1.904297,1.899829,1.910400,0.952148
10,694,14,19.200000,True,1.794434,1.779962,1.800537,0.897217
10,695,13,17.920000,True,1.794434,1.796760,1.794434,0.903320
10,708,13,17.920000,True,1.794434,1.788442,1.794434,0.897217
10,709,13,17.920000,True,1.843262,1.841158,1.843262,0.921631
11,181,16,21.760000,True,1.647949,1.660670,1.684570,0.842285
11,182,9,12.800000,True,1.684570,1.679719,1.684570,1.672363
11,183,4,6.400000,False,,,,
11,196,15,20.480000,True,1.733398,1.731260,1.745605,1.745605
11,197,15,20.480000,True,1.757812,1.749813,1.757812,1.751709
12,722,14,19.200000,True,1.745605,1.742561,1.751709,1.745605
12,723,13,17.920000,True,1.745605,1.737814,1.751709,1.751709
12,736,12,16.640000,True,1.794434,1.788188,1.794434,1.782227
12,737,11,15.360000,True,1.794434,1.791564,1.794434,1.788330
13,750,14,19.200000,True,1.916504,1.903852,1.904297,1.904297
13,751,16,21.760000,True,1.818848,1.827546,1.818848,1.824951
13,764,13,17.920000,True,1.953125,1.952765,1.953125,1.947021
13,765,14,19.200000,True,1.953125,1.938955,1.947021,1.947021
14,210,16,21.760000,True,1.586914,1.577480,1.586914,1.593018
14,211,14,19.200000,True,1.660156,1.654993,1.660156,1.660156
14,224,15,20.480000,True,1.684570,1.686072,1.678467,1.684570
14,225,14,19.200000,True,1.684570,1.682080,1.684570,1.684570
15,238,14,19.200000,True,1.745605,1.730841,1.739502,0.872803
15,239,14,19.200000,True,1.721191,1.717161,1.715088,0.860596
15,252,13,17.920000,True,1.806641,1.800009,1.800537,0.903320
15,253,13,17.920000,True,1.770020,1.762442,1.763916,0.878906
16,266,12,16.640000,True,1.794434,1.791388,1.794434,1.794434
16,267,14,19.200000,True,1.794434,1.783353,1.788330,1.776123
16,280,12,16.640000,True,1.831055,1.814245,1.831055,1.831055
16,281,13,17.920000,True,1.818848,1.818031,1.818848,0.915527
17,294,17,23.040000,True,1.574707,1.579250,1.574707,1.574707
17,295,15,20.480000,True,1.635742,1.635381,1.635742,1.635742
17,309,15,20.480000,True,1.611328,1.605759,1.611328,1.605225
17,310,14,19.200000,True,1.684570,1.687732,1.684570,1.678467
18,778,14,19.200000,True,1.818848,1.821228,1.818848,0.909424
18,779,15,20.480000,True,1.806641,1.809852,1.812744,0.903320
18,792,14,19.200000,True,1.818848,1.812013,1.824951,0.909424
18,793,13,17.920000,True,1.855469,1.847257,1.849365,1.843262
19,323,14,19.200000,True,1.904297,1.904637,1.910400,1.904297
19,324,13,17.920000,True,1.940918,1.952828,1.947021,1.947021
19,337,13,17.920000,True,1.977539,1.970972,1.971436,1.977539
19,338,12,16.640000,True,2.014160,2.000649,2.008057,1.000977
20,806,14,19.200000,True,1.757812,1.738703,1.757812,1.757812
20,807,13,17.920000,True,1.867676,1.860116,1.861572,1.861572
20,820,12,16.640000,True,1.867676,1.866689,1.867676,1.861572
20,821,12,16.640000,True,1.855469,1.843908,1.843262,1.849365
21,351,14,19.200000,True,1.892090,1.884472,1.885986,1.892090
21,352,13,17.920000,True,1.904297,1.915170,1.910400,1.904297
21,365,12,16.640000,True,1.965332,1.962155,1.965332,1.965332
21,366,13,17.920000,True,1.965332,1.957366,1.965332,1.965332
22,379,12,16.640000,True,1.940918,1.936134,1.940918,0.970459
22,380,11,15.360000,True,1.953125,1.961201,1.959229,0.976562
22,393,12,16.640000,True,1.989746,1.983273,1.983643,0.994873
22,394,11,15.360000,True,2.014160,2.002341,2.008057,1.007080
23,407,15,20.480000,True,1.635742,1.694460,1.660156,1.641846
23,408,15,20.480000,True,1.721191,1.706921,1.721191,1.715088
23,421,15,20.480000,True,1.660156,1.653081,1.660156,1.660156
23,422,14,19.200000,True,1.684570,1.732082,1.715088,1.678467
24,834,14,19.200000,True,1.599121,1.622087,1.605225,1.605225
24,835,14,19.200000,True,1.660156,1.684602,1.660156,1.654053
24,849,14,19.200000,True,1.635742,1.640778,1.623535,1.611328
24,850,16,21.760000,True,1.623535,1.623555,1.629639,1.629639
25,435,19,25.600000,True,1.513672,1.522963,1.550293,1.519775
25,436,17,23.040000,True,1.574707,1.582208,1.580811,1.574707
25,449,21,28.160000,True,1.513672,1.506560,1.519775,1.519775
25,450,17,23.040000,True,1.611328,1.606091,1.617432,1.611328
26,463,15,20.480000,True,1.733398,1.717889,1.727295,1.696777
26,464,13,17.920000,True,1.818848,1.798634,1.800537,1.776123
26,477,16,21.760000,True,1.684570,1.677844,1.678467,1.672363
26,478,15,20.480000,True,1.721191,1.710551,1.721191,1.715088
27,491,14,19.200000,True,1.831055,1.827551,1.824951,1.818848
27,492,14,19.200000,True,1.806641,1.796761,1.800537,1.800537
27,505,14,19.200000,True,1.794434,1.789357,1.800537,1.794434
27,506,15,20.480000,True,1.782227,1.782907,1.788330,1.788330
28,520,9,12.800000,True,1.696777,1.682776,1.702881,1.702881
28,521,5,7.680000,False,,,,
28,522,14,19.200000,True,1.757812,1.757435,1.751709,1.751709
28,535,13,17.920000,True,1.794434,1.803098,1.794434,1.800537
28,536,13,17.920000,True,1.794434,1.782344,1.794434,0.903320
29,549,13,17.920000,True,1.745605,1.737383,1.739502,0.872803
29,550,13,17.920000,True,1.782227,1.770118,1.776123,0.885010
29,564,14,19.200000,True,1.733398,1.733140,1.739502,0.872803
29,565,13,17.920000,True,1.782227,1.781320,1.782227,0.891113
30,578,16,21.760000,True,1.623535,1.622942,1.623535,1.629639
30,579,17,23.040000,True,1.611328,1.607381,1.605225,1.605225
30,592,16,21.760000,True,1.647949,1.643305,1.641846,0.817871
30,593,16,21.760000,True,1.684570,1.681130,1.690674,0.848389
