featureIndex,originalName,uniqueName,occurrence,nameCount,renamed
1,tBodyAcc-mean()-X,tBodyAcc-mean()-X,1,1,False
2,tBodyAcc-mean()-Y,tBodyAcc-mean()-Y,1,1,False
3,tBodyAcc-mean()-Z,tBodyAcc-mean()-Z,1,1,False
4,tBodyAcc-std()-X,tBodyAcc-std()-X,1,1,False
5,tBodyAcc-std()-Y,tBodyAcc-std()-Y,1,1,False
6,tBodyAcc-std()-Z,tBodyAcc-std()-Z,1,1,False
7,tBodyAcc-mad()-X,tBodyAcc-mad()-X,1,1,False
8,tBodyAcc-mad()-Y,tBodyAcc-mad()-Y,1,1,False
9,tBodyAcc-mad()-Z,tBodyAcc-mad()-Z,1,1,False
10,tBodyAcc-max()-X,tBodyAcc-max()-X,1,1,False
11,tBodyAcc-max()-Y,tBodyAcc-max()-Y,1,1,False
12,tBodyAcc-max()-Z,tBodyAcc-max()-Z,1,1,False
13,tBodyAcc-min()-X,tBodyAcc-min()-X,1,1,False
14,tBodyAcc-min()-Y,tBodyAcc-min()-Y,1,1,False
15,tBodyAcc-min()-Z,tBodyAcc-min()-Z,1,1,False
16,tBodyAcc-sma(),tBodyAcc-sma(),1,1,False
17,tBodyAcc-energy()-X,tBodyAcc-energy()-X,1,1,False
18,tBodyAcc-energy()-Y,tBodyAcc-energy()-Y,1,1,False
19,tBodyAcc-energy()-Z,tBodyAcc-energy()-Z,1,1,False
20,tBodyAcc-iqr()-X,tBodyAcc-iqr()-X,1,1,False
21,tBodyAcc-iqr()-Y,tBodyAcc-iqr()-Y,1,1,False
22,tBodyAcc-iqr()-Z,tBodyAcc-iqr()-Z,1,1,False
23,tBodyAcc-entropy()-X,tBodyAcc-entropy()-X,1,1,False
24,tBodyAcc-entropy()-Y,tBodyAcc-entropy()-Y,1,1,False
25,tBodyAcc-entropy()-Z,tBodyAcc-entropy()-Z,1,1,False
26,"tBodyAcc-arCoeff()-X,1","tBodyAcc-arCoeff()-X,1",1,1,False
27,"tBodyAcc-arCoeff()-X,2","tBodyAcc-arCoeff()-X,2",1,1,False
28,"tBodyAcc-arCoeff()-X,3","tBodyAcc-arCoeff()-X,3",1,1,False
29,"tBodyAcc-arCoeff()-X,4","tBodyAcc-arCoeff()-X,4",1,1,False
30,"tBodyAcc-arCoeff()-Y,1","tBodyAcc-arCoeff()-Y,1",1,1,False
31,"tBodyAcc-arCoeff()-Y,2","tBodyAcc-arCoeff()-Y,2",1,1,False
32,"tBodyAcc-arCoeff()-Y,3","tBodyAcc-arCoeff()-Y,3",1,1,False
33,"tBodyAcc-arCoeff()-Y,4","tBodyAcc-arCoeff()-Y,4",1,1,False
34,"tBodyAcc-arCoeff()-Z,1","tBodyAcc-arCoeff()-Z,1",1,1,False
35,"tBodyAcc-arCoeff()-Z,2","tBodyAcc-arCoeff()-Z,2",1,1,False
36,"tBodyAcc-arCoeff()-Z,3","tBodyAcc-arCoeff()-Z,3",1,1,False
37,"tBodyAcc-arCoeff()-Z,4","tBodyAcc-arCoeff()-Z,4",1,1,False
38,"tBodyAcc-correlation()-X,Y","tBodyAcc-correlation()-X,Y",1,1,False
39,"tBodyAcc-correlation()-X,Z","tBodyAcc-correlation()-X,Z",1,1,False
40,"tBodyAcc-correlation()-Y,Z","tBodyAcc-correlation()-Y,Z",1,1,False
41,tGravityAcc-mean()-X,tGravityAcc-mean()-X,1,1,False
42,tGravityAcc-mean()-Y,tGravityAcc-mean()-Y,1,1,False
43,tGravityAcc-mean()-Z,tGravityAcc-mean()-Z,1,1,False
44,tGravityAcc-std()-X,tGravityAcc-std()-X,1,1,False
45,tGravityAcc-std()-Y,tGravityAcc-std()-Y,1,1,False
46,tGravityAcc-std()-Z,tGravityAcc-std()-Z,1,1,False
47,tGravityAcc-mad()-X,tGravityAcc-mad()-X,1,1,False
48,tGravityAcc-mad()-Y,tGravityAcc-mad()-Y,1,1,False
49,tGravityAcc-mad()-Z,tGravityAcc-mad()-Z,1,1,False
50,tGravityAcc-max()-X,tGravityAcc-max()-X,1,1,False
51,tGravityAcc-max()-Y,tGravityAcc-max()-Y,1,1,False
52,tGravityAcc-max()-Z,tGravityAcc-max()-Z,1,1,False
53,tGravityAcc-min()-X,tGravityAcc-min()-X,1,1,False
54,tGravityAcc-min()-Y,tGravityAcc-min()-Y,1,1,False
55,tGravityAcc-min()-Z,tGravityAcc-min()-Z,1,1,False
56,tGravityAcc-sma(),tGravityAcc-sma(),1,1,False
57,tGravityAcc-energy()-X,tGravityAcc-energy()-X,1,1,False
58,tGravityAcc-energy()-Y,tGravityAcc-energy()-Y,1,1,False
59,tGravityAcc-energy()-Z,tGravityAcc-energy()-Z,1,1,False
60,tGravityAcc-iqr()-X,tGravityAcc-iqr()-X,1,1,False
61,tGravityAcc-iqr()-Y,tGravityAcc-iqr()-Y,1,1,False
62,tGravityAcc-iqr()-Z,tGravityAcc-iqr()-Z,1,1,False
63,tGravityAcc-entropy()-X,tGravityAcc-entropy()-X,1,1,False
64,tGravityAcc-entropy()-Y,tGravityAcc-entropy()-Y,1,1,False
65,tGravityAcc-entropy()-Z,tGravityAcc-entropy()-Z,1,1,False
66,"tGravityAcc-arCoeff()-X,1","tGravityAcc-arCoeff()-X,1",1,1,False
67,"tGravityAcc-arCoeff()-X,2","tGravityAcc-arCoeff()-X,2",1,1,False
68,"tGravityAcc-arCoeff()-X,3","tGravityAcc-arCoeff()-X,3",1,1,False
69,"tGravityAcc-arCoeff()-X,4","tGravityAcc-arCoeff()-X,4",1,1,False
70,"tGravityAcc-arCoeff()-Y,1","tGravityAcc-arCoeff()-Y,1",1,1,False
71,"tGravityAcc-arCoeff()-Y,2","tGravityAcc-arCoeff()-Y,2",1,1,False
72,"tGravityAcc-arCoeff()-Y,3","tGravityAcc-arCoeff()-Y,3",1,1,False
73,"tGravityAcc-arCoeff()-Y,4","tGravityAcc-arCoeff()-Y,4",1,1,False
74,"tGravityAcc-arCoeff()-Z,1","tGravityAcc-arCoeff()-Z,1",1,1,False
75,"tGravityAcc-arCoeff()-Z,2","tGravityAcc-arCoeff()-Z,2",1,1,False
76,"tGravityAcc-arCoeff()-Z,3","tGravityAcc-arCoeff()-Z,3",1,1,False
77,"tGravityAcc-arCoeff()-Z,4","tGravityAcc-arCoeff()-Z,4",1,1,False
78,"tGravityAcc-correlation()-X,Y","tGravityAcc-correlation()-X,Y",1,1,False
79,"tGravityAcc-correlation()-X,Z","tGravityAcc-correlation()-X,Z",1,1,False
80,"tGravityAcc-correlation()-Y,Z","tGravityAcc-correlation()-Y,Z",1,1,False
81,tBodyAccJerk-mean()-X,tBodyAccJerk-mean()-X,1,1,False
82,tBodyAccJerk-mean()-Y,tBodyAccJerk-mean()-Y,1,1,False
83,tBodyAccJerk-mean()-Z,tBodyAccJerk-mean()-Z,1,1,False
84,tBodyAccJerk-std()-X,tBodyAccJerk-std()-X,1,1,False
85,tBodyAccJerk-std()-Y,tBodyAccJerk-std()-Y,1,1,False
86,tBodyAccJerk-std()-Z,tBodyAccJerk-std()-Z,1,1,False
87,tBodyAccJerk-mad()-X,tBodyAccJerk-mad()-X,1,1,False
88,tBodyAccJerk-mad()-Y,tBodyAccJerk-mad()-Y,1,1,False
89,tBodyAccJerk-mad()-Z,tBodyAccJerk-mad()-Z,1,1,False
90,tBodyAccJerk-max()-X,tBodyAccJerk-max()-X,1,1,False
91,tBodyAccJerk-max()-Y,tBodyAccJerk-max()-Y,1,1,False
92,tBodyAccJerk-max()-Z,tBodyAccJerk-max()-Z,1,1,False
93,tBodyAccJerk-min()-X,tBodyAccJerk-min()-X,1,1,False
94,tBodyAccJerk-min()-Y,tBodyAccJerk-min()-Y,1,1,False
95,tBodyAccJerk-min()-Z,tBodyAccJerk-min()-Z,1,1,False
96,tBodyAccJerk-sma(),tBodyAccJerk-sma(),1,1,False
97,tBodyAccJerk-energy()-X,tBodyAccJerk-energy()-X,1,1,False
98,tBodyAccJerk-energy()-Y,tBodyAccJerk-energy()-Y,1,1,False
99,tBodyAccJerk-energy()-Z,tBodyAccJerk-energy()-Z,1,1,False
100,tBodyAccJerk-iqr()-X,tBodyAccJerk-iqr()-X,1,1,False
101,tBodyAccJerk-iqr()-Y,tBodyAccJerk-iqr()-Y,1,1,False
102,tBodyAccJerk-iqr()-Z,tBodyAccJerk-iqr()-Z,1,1,False
103,tBodyAccJerk-entropy()-X,tBodyAccJerk-entropy()-X,1,1,False
104,tBodyAccJerk-entropy()-Y,tBodyAccJerk-entropy()-Y,1,1,False
105,tBodyAccJerk-entropy()-Z,tBodyAccJerk-entropy()-Z,1,1,False
106,"tBodyAccJerk-arCoeff()-X,1","tBodyAccJerk-arCoeff()-X,1",1,1,False
107,"tBodyAccJerk-arCoeff()-X,2","tBodyAccJerk-arCoeff()-X,2",1,1,False
108,"tBodyAccJerk-arCoeff()-X,3","tBodyAccJerk-arCoeff()-X,3",1,1,False
109,"tBodyAccJerk-arCoeff()-X,4","tBodyAccJerk-arCoeff()-X,4",1,1,False
110,"tBodyAccJerk-arCoeff()-Y,1","tBodyAccJerk-arCoeff()-Y,1",1,1,False
111,"tBodyAccJerk-arCoeff()-Y,2","tBodyAccJerk-arCoeff()-Y,2",1,1,False
112,"tBodyAccJerk-arCoeff()-Y,3","tBodyAccJerk-arCoeff()-Y,3",1,1,False
113,"tBodyAccJerk-arCoeff()-Y,4","tBodyAccJerk-arCoeff()-Y,4",1,1,False
114,"tBodyAccJerk-arCoeff()-Z,1","tBodyAccJerk-arCoeff()-Z,1",1,1,False
115,"tBodyAccJerk-arCoeff()-Z,2","tBodyAccJerk-arCoeff()-Z,2",1,1,False
116,"tBodyAccJerk-arCoeff()-Z,3","tBodyAccJerk-arCoeff()-Z,3",1,1,False
117,"tBodyAccJerk-arCoeff()-Z,4","tBodyAccJerk-arCoeff()-Z,4",1,1,False
118,"tBodyAccJerk-correlation()-X,Y","tBodyAccJerk-correlation()-X,Y",1,1,False
119,"tBodyAccJerk-correlation()-X,Z","tBodyAccJerk-correlation()-X,Z",1,1,False
120,"tBodyAccJerk-correlation()-Y,Z","tBodyAccJerk-correlation()-Y,Z",1,1,False
121,tBodyGyro-mean()-X,tBodyGyro-mean()-X,1,1,False
122,tBodyGyro-mean()-Y,tBodyGyro-mean()-Y,1,1,False
123,tBodyGyro-mean()-Z,tBodyGyro-mean()-Z,1,1,False
124,tBodyGyro-std()-X,tBodyGyro-std()-X,1,1,False
125,tBodyGyro-std()-Y,tBodyGyro-std()-Y,1,1,False
126,tBodyGyro-std()-Z,tBodyGyro-std()-Z,1,1,False
127,tBodyGyro-mad()-X,tBodyGyro-mad()-X,1,1,False
128,tBodyGyro-mad()-Y,tBodyGyro-mad()-Y,1,1,False
129,tBodyGyro-mad()-Z,tBodyGyro-mad()-Z,1,1,False
130,tBodyGyro-max()-X,tBodyGyro-max()-X,1,1,False
131,tBodyGyro-max()-Y,tBodyGyro-max()-Y,1,1,False
132,tBodyGyro-max()-Z,tBodyGyro-max()-Z,1,1,False
133,tBodyGyro-min()-X,tBodyGyro-min()-X,1,1,False
134,tBodyGyro-min()-Y,tBodyGyro-min()-Y,1,1,False
135,tBodyGyro-min()-Z,tBodyGyro-min()-Z,1,1,False
136,tBodyGyro-sma(),tBodyGyro-sma(),1,1,False
137,tBodyGyro-energy()-X,tBodyGyro-energy()-X,1,1,False
138,tBodyGyro-energy()-Y,tBodyGyro-energy()-Y,1,1,False
139,tBodyGyro-energy()-Z,tBodyGyro-energy()-Z,1,1,False
140,tBodyGyro-iqr()-X,tBodyGyro-iqr()-X,1,1,False
141,tBodyGyro-iqr()-Y,tBodyGyro-iqr()-Y,1,1,False
142,tBodyGyro-iqr()-Z,tBodyGyro-iqr()-Z,1,1,False
143,tBodyGyro-entropy()-X,tBodyGyro-entropy()-X,1,1,False
144,tBodyGyro-entropy()-Y,tBodyGyro-entropy()-Y,1,1,False
145,tBodyGyro-entropy()-Z,tBodyGyro-entropy()-Z,1,1,False
146,"tBodyGyro-arCoeff()-X,1","tBodyGyro-arCoeff()-X,1",1,1,False
147,"tBodyGyro-arCoeff()-X,2","tBodyGyro-arCoeff()-X,2",1,1,False
148,"tBodyGyro-arCoeff()-X,3","tBodyGyro-arCoeff()-X,3",1,1,False
149,"tBodyGyro-arCoeff()-X,4","tBodyGyro-arCoeff()-X,4",1,1,False
150,"tBodyGyro-arCoeff()-Y,1","tBodyGyro-arCoeff()-Y,1",1,1,False
151,"tBodyGyro-arCoeff()-Y,2","tBodyGyro-arCoeff()-Y,2",1,1,False
152,"tBodyGyro-arCoeff()-Y,3","tBodyGyro-arCoeff()-Y,3",1,1,False
153,"tBodyGyro-arCoeff()-Y,4","tBodyGyro-arCoeff()-Y,4",1,1,False
154,"tBodyGyro-arCoeff()-Z,1","tBodyGyro-arCoeff()-Z,1",1,1,False
155,"tBodyGyro-arCoeff()-Z,2","tBodyGyro-arCoeff()-Z,2",1,1,False
156,"tBodyGyro-arCoeff()-Z,3","tBodyGyro-arCoeff()-Z,3",1,1,False
157,"tBodyGyro-arCoeff()-Z,4","tBodyGyro-arCoeff()-Z,4",1,1,False
158,"tBodyGyro-correlation()-X,Y","tBodyGyro-correlation()-X,Y",1,1,False
159,"tBodyGyro-correlation()-X,Z","tBodyGyro-correlation()-X,Z",1,1,False
160,"tBodyGyro-correlation()-Y,Z","tBodyGyro-correlation()-Y,Z",1,1,False
161,tBodyGyroJerk-mean()-X,tBodyGyroJerk-mean()-X,1,1,False
162,tBodyGyroJerk-mean()-Y,tBodyGyroJerk-mean()-Y,1,1,False
163,tBodyGyroJerk-mean()-Z,tBodyGyroJerk-mean()-Z,1,1,False
164,tBodyGyroJerk-std()-X,tBodyGyroJerk-std()-X,1,1,False
165,tBodyGyroJerk-std()-Y,tBodyGyroJerk-std()-Y,1,1,False
166,tBodyGyroJerk-std()-Z,tBodyGyroJerk-std()-Z,1,1,False
167,tBodyGyroJerk-mad()-X,tBodyGyroJerk-mad()-X,1,1,False
168,tBodyGyroJerk-mad()-Y,tBodyGyroJerk-mad()-Y,1,1,False
169,tBodyGyroJerk-mad()-Z,tBodyGyroJerk-mad()-Z,1,1,False
170,tBodyGyroJerk-max()-X,tBodyGyroJerk-max()-X,1,1,False
171,tBodyGyroJerk-max()-Y,tBodyGyroJerk-max()-Y,1,1,False
172,tBodyGyroJerk-max()-Z,tBodyGyroJerk-max()-Z,1,1,False
173,tBodyGyroJerk-min()-X,tBodyGyroJerk-min()-X,1,1,False
174,tBodyGyroJerk-min()-Y,tBodyGyroJerk-min()-Y,1,1,False
175,tBodyGyroJerk-min()-Z,tBodyGyroJerk-min()-Z,1,1,False
176,tBodyGyroJerk-sma(),tBodyGyroJerk-sma(),1,1,False
177,tBodyGyroJerk-energy()-X,tBodyGyroJerk-energy()-X,1,1,False
178,tBodyGyroJerk-energy()-Y,tBodyGyroJerk-energy()-Y,1,1,False
179,tBodyGyroJerk-energy()-Z,tBodyGyroJerk-energy()-Z,1,1,False
180,tBodyGyroJerk-iqr()-X,tBodyGyroJerk-iqr()-X,1,1,False
181,tBodyGyroJerk-iqr()-Y,tBodyGyroJerk-iqr()-Y,1,1,False
182,tBodyGyroJerk-iqr()-Z,tBodyGyroJerk-iqr()-Z,1,1,False
183,tBodyGyroJerk-entropy()-X,tBodyGyroJerk-entropy()-X,1,1,False
184,tBodyGyroJerk-entropy()-Y,tBodyGyroJerk-entropy()-Y,1,1,False
185,tBodyGyroJerk-entropy()-Z,tBodyGyroJerk-entropy()-Z,1,1,False
186,"tBodyGyroJerk-arCoeff()-X,1","tBodyGyroJerk-arCoeff()-X,1",1,1,False
187,"tBodyGyroJerk-arCoeff()-X,2","tBodyGyroJerk-arCoeff()-X,2",1,1,False
188,"tBodyGyroJerk-arCoeff()-X,3","tBodyGyroJerk-arCoeff()-X,3",1,1,False
189,"tBodyGyroJerk-arCoeff()-X,4","tBodyGyroJerk-arCoeff()-X,4",1,1,False
190,"tBodyGyroJerk-arCoeff()-Y,1","tBodyGyroJerk-arCoeff()-Y,1",1,1,False
191,"tBodyGyroJerk-arCoeff()-Y,2","tBodyGyroJerk-arCoeff()-Y,2",1,1,False
192,"tBodyGyroJerk-arCoeff()-Y,3","tBodyGyroJerk-arCoeff()-Y,3",1,1,False
193,"tBodyGyroJerk-arCoeff()-Y,4","tBodyGyroJerk-arCoeff()-Y,4",1,1,False
194,"tBodyGyroJerk-arCoeff()-Z,1","tBodyGyroJerk-arCoeff()-Z,1",1,1,False
195,"tBodyGyroJerk-arCoeff()-Z,2","tBodyGyroJerk-arCoeff()-Z,2",1,1,False
196,"tBodyGyroJerk-arCoeff()-Z,3","tBodyGyroJerk-arCoeff()-Z,3",1,1,False
197,"tBodyGyroJerk-arCoeff()-Z,4","tBodyGyroJerk-arCoeff()-Z,4",1,1,False
198,"tBodyGyroJerk-correlation()-X,Y","tBodyGyroJerk-correlation()-X,Y",1,1,False
199,"tBodyGyroJerk-correlation()-X,Z","tBodyGyroJerk-correlation()-X,Z",1,1,False
200,"tBodyGyroJerk-correlation()-Y,Z","tBodyGyroJerk-correlation()-Y,Z",1,1,False
201,tBodyAccMag-mean(),tBodyAccMag-mean(),1,1,False
202,tBodyAccMag-std(),tBodyAccMag-std(),1,1,False
203,tBodyAccMag-mad(),tBodyAccMag-mad(),1,1,False
204,tBodyAccMag-max(),tBodyAccMag-max(),1,1,False
205,tBodyAccMag-min(),tBodyAccMag-min(),1,1,False
206,tBodyAccMag-sma(),tBodyAccMag-sma(),1,1,False
207,tBodyAccMag-energy(),tBodyAccMag-energy(),1,1,False
208,tBodyAccMag-iqr(),tBodyAccMag-iqr(),1,1,False
209,tBodyAccMag-entropy(),tBodyAccMag-entropy(),1,1,False
210,tBodyAccMag-arCoeff()1,tBodyAccMag-arCoeff()1,1,1,False
211,tBodyAccMag-arCoeff()2,tBodyAccMag-arCoeff()2,1,1,False
212,tBodyAccMag-arCoeff()3,tBodyAccMag-arCoeff()3,1,1,False
213,tBodyAccMag-arCoeff()4,tBodyAccMag-arCoeff()4,1,1,False
214,tGravityAccMag-mean(),tGravityAccMag-mean(),1,1,False
215,tGravityAccMag-std(),tGravityAccMag-std(),1,1,False
216,tGravityAccMag-mad(),tGravityAccMag-mad(),1,1,False
217,tGravityAccMag-max(),tGravityAccMag-max(),1,1,False
218,tGravityAccMag-min(),tGravityAccMag-min(),1,1,False
219,tGravityAccMag-sma(),tGravityAccMag-sma(),1,1,False
220,tGravityAccMag-energy(),tGravityAccMag-energy(),1,1,False
221,tGravityAccMag-iqr(),tGravityAccMag-iqr(),1,1,False
222,tGravityAccMag-entropy(),tGravityAccMag-entropy(),1,1,False
223,tGravityAccMag-arCoeff()1,tGravityAccMag-arCoeff()1,1,1,False
224,tGravityAccMag-arCoeff()2,tGravityAccMag-arCoeff()2,1,1,False
225,tGravityAccMag-arCoeff()3,tGravityAccMag-arCoeff()3,1,1,False
226,tGravityAccMag-arCoeff()4,tGravityAccMag-arCoeff()4,1,1,False
227,tBodyAccJerkMag-mean(),tBodyAccJerkMag-mean(),1,1,False
228,tBodyAccJerkMag-std(),tBodyAccJerkMag-std(),1,1,False
229,tBodyAccJerkMag-mad(),tBodyAccJerkMag-mad(),1,1,False
230,tBodyAccJerkMag-max(),tBodyAccJerkMag-max(),1,1,False
231,tBodyAccJerkMag-min(),tBodyAccJerkMag-min(),1,1,False
232,tBodyAccJerkMag-sma(),tBodyAccJerkMag-sma(),1,1,False
233,tBodyAccJerkMag-energy(),tBodyAccJerkMag-energy(),1,1,False
234,tBodyAccJerkMag-iqr(),tBodyAccJerkMag-iqr(),1,1,False
235,tBodyAccJerkMag-entropy(),tBodyAccJerkMag-entropy(),1,1,False
236,tBodyAccJerkMag-arCoeff()1,tBodyAccJerkMag-arCoeff()1,1,1,False
237,tBodyAccJerkMag-arCoeff()2,tBodyAccJerkMag-arCoeff()2,1,1,False
238,tBodyAccJerkMag-arCoeff()3,tBodyAccJerkMag-arCoeff()3,1,1,False
239,tBodyAccJerkMag-arCoeff()4,tBodyAccJerkMag-arCoeff()4,1,1,False
240,tBodyGyroMag-mean(),tBodyGyroMag-mean(),1,1,False
241,tBodyGyroMag-std(),tBodyGyroMag-std(),1,1,False
242,tBodyGyroMag-mad(),tBodyGyroMag-mad(),1,1,False
243,tBodyGyroMag-max(),tBodyGyroMag-max(),1,1,False
244,tBodyGyroMag-min(),tBodyGyroMag-min(),1,1,False
245,tBodyGyroMag-sma(),tBodyGyroMag-sma(),1,1,False
246,tBodyGyroMag-energy(),tBodyGyroMag-energy(),1,1,False
247,tBodyGyroMag-iqr(),tBodyGyroMag-iqr(),1,1,False
248,tBodyGyroMag-entropy(),tBodyGyroMag-entropy(),1,1,False
249,tBodyGyroMag-arCoeff()1,tBodyGyroMag-arCoeff()1,1,1,False
250,tBodyGyroMag-arCoeff()2,tBodyGyroMag-arCoeff()2,1,1,False
251,tBodyGyroMag-arCoeff()3,tBodyGyroMag-arCoeff()3,1,1,False
252,tBodyGyroMag-arCoeff()4,tBodyGyroMag-arCoeff()4,1,1,False
253,tBodyGyroJerkMag-mean(),tBodyGyroJerkMag-mean(),1,1,False
254,tBodyGyroJerkMag-std(),tBodyGyroJerkMag-std(),1,1,False
255,tBodyGyroJerkMag-mad(),tBodyGyroJerkMag-mad(),1,1,False
256,tBodyGyroJerkMag-max(),tBodyGyroJerkMag-max(),1,1,False
257,tBodyGyroJerkMag-min(),tBodyGyroJerkMag-min(),1,1,False
258,tBodyGyroJerkMag-sma(),tBodyGyroJerkMag-sma(),1,1,False
259,tBodyGyroJerkMag-energy(),tBodyGyroJerkMag-energy(),1,1,False
260,tBodyGyroJerkMag-iqr(),tBodyGyroJerkMag-iqr(),1,1,False
261,tBodyGyroJerkMag-entropy(),tBodyGyroJerkMag-entropy(),1,1,False
262,tBodyGyroJerkMag-arCoeff()1,tBodyGyroJerkMag-arCoeff()1,1,1,False
263,tBodyGyroJerkMag-arCoeff()2,tBodyGyroJerkMag-arCoeff()2,1,1,False
264,tBodyGyroJerkMag-arCoeff()3,tBodyGyroJerkMag-arCoeff()3,1,1,False
265,tBodyGyroJerkMag-arCoeff()4,tBodyGyroJerkMag-arCoeff()4,1,1,False
266,fBodyAcc-mean()-X,fBodyAcc-mean()-X,1,1,False
267,fBodyAcc-mean()-Y,fBodyAcc-mean()-Y,1,1,False
268,fBodyAcc-mean()-Z,fBodyAcc-mean()-Z,1,1,False
269,fBodyAcc-std()-X,fBodyAcc-std()-X,1,1,False
270,fBodyAcc-std()-Y,fBodyAcc-std()-Y,1,1,False
271,fBodyAcc-std()-Z,fBodyAcc-std()-Z,1,1,False
272,fBodyAcc-mad()-X,fBodyAcc-mad()-X,1,1,False
273,fBodyAcc-mad()-Y,fBodyAcc-mad()-Y,1,1,False
274,fBodyAcc-mad()-Z,fBodyAcc-mad()-Z,1,1,False
275,fBodyAcc-max()-X,fBodyAcc-max()-X,1,1,False
276,fBodyAcc-max()-Y,fBodyAcc-max()-Y,1,1,False
277,fBodyAcc-max()-Z,fBodyAcc-max()-Z,1,1,False
278,fBodyAcc-min()-X,fBodyAcc-min()-X,1,1,False
279,fBodyAcc-min()-Y,fBodyAcc-min()-Y,1,1,False
280,fBodyAcc-min()-Z,fBodyAcc-min()-Z,1,1,False
281,fBodyAcc-sma(),fBodyAcc-sma(),1,1,False
282,fBodyAcc-energy()-X,fBodyAcc-energy()-X,1,1,False
283,fBodyAcc-energy()-Y,fBodyAcc-energy()-Y,1,1,False
284,fBodyAcc-energy()-Z,fBodyAcc-energy()-Z,1,1,False
285,fBodyAcc-iqr()-X,fBodyAcc-iqr()-X,1,1,False
286,fBodyAcc-iqr()-Y,fBodyAcc-iqr()-Y,1,1,False
287,fBodyAcc-iqr()-Z,fBodyAcc-iqr()-Z,1,1,False
288,fBodyAcc-entropy()-X,fBodyAcc-entropy()-X,1,1,False
289,fBodyAcc-entropy()-Y,fBodyAcc-entropy()-Y,1,1,False
290,fBodyAcc-entropy()-Z,fBodyAcc-entropy()-Z,1,1,False
291,fBodyAcc-maxInds-X,fBodyAcc-maxInds-X,1,1,False
292,fBodyAcc-maxInds-Y,fBodyAcc-maxInds-Y,1,1,False
293,fBodyAcc-maxInds-Z,fBodyAcc-maxInds-Z,1,1,False
294,fBodyAcc-meanFreq()-X,fBodyAcc-meanFreq()-X,1,1,False
295,fBodyAcc-meanFreq()-Y,fBodyAcc-meanFreq()-Y,1,1,False
296,fBodyAcc-meanFreq()-Z,fBodyAcc-meanFreq()-Z,1,1,False
297,fBodyAcc-skewness()-X,fBodyAcc-skewness()-X,1,1,False
298,fBodyAcc-kurtosis()-X,fBodyAcc-kurtosis()-X,1,1,False
299,fBodyAcc-skewness()-Y,fBodyAcc-skewness()-Y,1,1,False
300,fBodyAcc-kurtosis()-Y,fBodyAcc-kurtosis()-Y,1,1,False
301,fBodyAcc-skewness()-Z,fBodyAcc-skewness()-Z,1,1,False
302,fBodyAcc-kurtosis()-Z,fBodyAcc-kurtosis()-Z,1,1,False
303,"fBodyAcc-bandsEnergy()-1,8","fBodyAcc-bandsEnergy()-1,8",1,3,False
304,"fBodyAcc-bandsEnergy()-9,16","fBodyAcc-bandsEnergy()-9,16",1,3,False
305,"fBodyAcc-bandsEnergy()-17,24","fBodyAcc-bandsEnergy()-17,24",1,3,False
306,"fBodyAcc-bandsEnergy()-25,32","fBodyAcc-bandsEnergy()-25,32",1,3,False
307,"fBodyAcc-bandsEnergy()-33,40","fBodyAcc-bandsEnergy()-33,40",1,3,False
308,"fBodyAcc-bandsEnergy()-41,48","fBodyAcc-bandsEnergy()-41,48",1,3,False
309,"fBodyAcc-bandsEnergy()-49,56","fBodyAcc-bandsEnergy()-49,56",1,3,False
310,"fBodyAcc-bandsEnergy()-57,64","fBodyAcc-bandsEnergy()-57,64",1,3,False
311,"fBodyAcc-bandsEnergy()-1,16","fBodyAcc-bandsEnergy()-1,16",1,3,False
312,"fBodyAcc-bandsEnergy()-17,32","fBodyAcc-bandsEnergy()-17,32",1,3,False
313,"fBodyAcc-bandsEnergy()-33,48","fBodyAcc-bandsEnergy()-33,48",1,3,False
314,"fBodyAcc-bandsEnergy()-49,64","fBodyAcc-bandsEnergy()-49,64",1,3,False
315,"fBodyAcc-bandsEnergy()-1,24","fBodyAcc-bandsEnergy()-1,24",1,3,False
316,"fBodyAcc-bandsEnergy()-25,48","fBodyAcc-bandsEnergy()-25,48",1,3,False
317,"fBodyAcc-bandsEnergy()-1,8","fBodyAcc-bandsEnergy()-1,8.1",2,3,True
318,"fBodyAcc-bandsEnergy()-9,16","fBodyAcc-bandsEnergy()-9,16.1",2,3,True
319,"fBodyAcc-bandsEnergy()-17,24","fBodyAcc-bandsEnergy()-17,24.1",2,3,True
320,"fBodyAcc-bandsEnergy()-25,32","fBodyAcc-bandsEnergy()-25,32.1",2,3,True
321,"fBodyAcc-bandsEnergy()-33,40","fBodyAcc-bandsEnergy()-33,40.1",2,3,True
322,"fBodyAcc-bandsEnergy()-41,48","fBodyAcc-bandsEnergy()-41,48.1",2,3,True
323,"fBodyAcc-bandsEnergy()-49,56","fBodyAcc-bandsEnergy()-49,56.1",2,3,True
324,"fBodyAcc-bandsEnergy()-57,64","fBodyAcc-bandsEnergy()-57,64.1",2,3,True
325,"fBodyAcc-bandsEnergy()-1,16","fBodyAcc-bandsEnergy()-1,16.1",2,3,True
326,"fBodyAcc-bandsEnergy()-17,32","fBodyAcc-bandsEnergy()-17,32.1",2,3,True
327,"fBodyAcc-bandsEnergy()-33,48","fBodyAcc-bandsEnergy()-33,48.1",2,3,True
328,"fBodyAcc-bandsEnergy()-49,64","fBodyAcc-bandsEnergy()-49,64.1",2,3,True
329,"fBodyAcc-bandsEnergy()-1,24","fBodyAcc-bandsEnergy()-1,24.1",2,3,True
330,"fBodyAcc-bandsEnergy()-25,48","fBodyAcc-bandsEnergy()-25,48.1",2,3,True
331,"fBodyAcc-bandsEnergy()-1,8","fBodyAcc-bandsEnergy()-1,8.2",3,3,True
332,"fBodyAcc-bandsEnergy()-9,16","fBodyAcc-bandsEnergy()-9,16.2",3,3,True
333,"fBodyAcc-bandsEnergy()-17,24","fBodyAcc-bandsEnergy()-17,24.2",3,3,True
334,"fBodyAcc-bandsEnergy()-25,32","fBodyAcc-bandsEnergy()-25,32.2",3,3,True
335,"fBodyAcc-bandsEnergy()-33,40","fBodyAcc-bandsEnergy()-33,40.2",3,3,True
336,"fBodyAcc-bandsEnergy()-41,48","fBodyAcc-bandsEnergy()-41,48.2",3,3,True
337,"fBodyAcc-bandsEnergy()-49,56","fBodyAcc-bandsEnergy()-49,56.2",3,3,True
338,"fBodyAcc-bandsEnergy()-57,64","fBodyAcc-bandsEnergy()-57,64.2",3,3,True
339,"fBodyAcc-bandsEnergy()-1,16","fBodyAcc-bandsEnergy()-1,16.2",3,3,True
340,"fBodyAcc-bandsEnergy()-17,32","fBodyAcc-bandsEnergy()-17,32.2",3,3,True
341,"fBodyAcc-bandsEnergy()-33,48","fBodyAcc-bandsEnergy()-33,48.2",3,3,True
342,"fBodyAcc-bandsEnergy()-49,64","fBodyAcc-bandsEnergy()-49,64.2",3,3,True
343,"fBodyAcc-bandsEnergy()-1,24","fBodyAcc-bandsEnergy()-1,24.2",3,3,True
344,"fBodyAcc-bandsEnergy()-25,48","fBodyAcc-bandsEnergy()-25,48.2",3,3,True
345,fBodyAccJerk-mean()-X,fBodyAccJerk-mean()-X,1,1,False
346,fBodyAccJerk-mean()-Y,fBodyAccJerk-mean()-Y,1,1,False
347,fBodyAccJerk-mean()-Z,fBodyAccJerk-mean()-Z,1,1,False
348,fBodyAccJerk-std()-X,fBodyAccJerk-std()-X,1,1,False
349,fBodyAccJerk-std()-Y,fBodyAccJerk-std()-Y,1,1,False
350,fBodyAccJerk-std()-Z,fBodyAccJerk-std()-Z,1,1,False
351,fBodyAccJerk-mad()-X,fBodyAccJerk-mad()-X,1,1,False
352,fBodyAccJerk-mad()-Y,fBodyAccJerk-mad()-Y,1,1,False
353,fBodyAccJerk-mad()-Z,fBodyAccJerk-mad()-Z,1,1,False
354,fBodyAccJerk-max()-X,fBodyAccJerk-max()-X,1,1,False
355,fBodyAccJerk-max()-Y,fBodyAccJerk-max()-Y,1,1,False
356,fBodyAccJerk-max()-Z,fBodyAccJerk-max()-Z,1,1,False
357,fBodyAccJerk-min()-X,fBodyAccJerk-min()-X,1,1,False
358,fBodyAccJerk-min()-Y,fBodyAccJerk-min()-Y,1,1,False
359,fBodyAccJerk-min()-Z,fBodyAccJerk-min()-Z,1,1,False
360,fBodyAccJerk-sma(),fBodyAccJerk-sma(),1,1,False
361,fBodyAccJerk-energy()-X,fBodyAccJerk-energy()-X,1,1,False
362,fBodyAccJerk-energy()-Y,fBodyAccJerk-energy()-Y,1,1,False
363,fBodyAccJerk-energy()-Z,fBodyAccJerk-energy()-Z,1,1,False
364,fBodyAccJerk-iqr()-X,fBodyAccJerk-iqr()-X,1,1,False
365,fBodyAccJerk-iqr()-Y,fBodyAccJerk-iqr()-Y,1,1,False
366,fBodyAccJerk-iqr()-Z,fBodyAccJerk-iqr()-Z,1,1,False
367,fBodyAccJerk-entropy()-X,fBodyAccJerk-entropy()-X,1,1,False
368,fBodyAccJerk-entropy()-Y,fBodyAccJerk-entropy()-Y,1,1,False
369,fBodyAccJerk-entropy()-Z,fBodyAccJerk-entropy()-Z,1,1,False
370,fBodyAccJerk-maxInds-X,fBodyAccJerk-maxInds-X,1,1,False
371,fBodyAccJerk-maxInds-Y,fBodyAccJerk-maxInds-Y,1,1,False
372,fBodyAccJerk-maxInds-Z,fBodyAccJerk-maxInds-Z,1,1,False
373,fBodyAccJerk-meanFreq()-X,fBodyAccJerk-meanFreq()-X,1,1,False
374,fBodyAccJerk-meanFreq()-Y,fBodyAccJerk-meanFreq()-Y,1,1,False
375,fBodyAccJerk-meanFreq()-Z,fBodyAccJerk-meanFreq()-Z,1,1,False
376,fBodyAccJerk-skewness()-X,fBodyAccJerk-skewness()-X,1,1,False
377,fBodyAccJerk-kurtosis()-X,fBodyAccJerk-kurtosis()-X,1,1,False
378,fBodyAccJerk-skewness()-Y,fBodyAccJerk-skewness()-Y,1,1,False
379,fBodyAccJerk-kurtosis()-Y,fBodyAccJerk-kurtosis()-Y,1,1,False
380,fBodyAccJerk-skewness()-Z,fBodyAccJerk-skewness()-Z,1,1,False
381,fBodyAccJerk-kurtosis()-Z,fBodyAccJerk-kurtosis()-Z,1,1,False
382,"fBodyAccJerk-bandsEnergy()-1,8","fBodyAccJerk-bandsEnergy()-1,8",1,3,False
383,"fBodyAccJerk-bandsEnergy()-9,16","fBodyAccJerk-bandsEnergy()-9,16",1,3,False
384,"fBodyAccJerk-bandsEnergy()-17,24","fBodyAccJerk-bandsEnergy()-17,24",1,3,False
385,"fBodyAccJerk-bandsEnergy()-25,32","fBodyAccJerk-bandsEnergy()-25,32",1,3,False
386,"fBodyAccJerk-bandsEnergy()-33,40","fBodyAccJerk-bandsEnergy()-33,40",1,3,False
387,"fBodyAccJerk-bandsEnergy()-41,48","fBodyAccJerk-bandsEnergy()-41,48",1,3,False
388,"fBodyAccJerk-bandsEnergy()-49,56","fBodyAccJerk-bandsEnergy()-49,56",1,3,False
389,"fBodyAccJerk-bandsEnergy()-57,64","fBodyAccJerk-bandsEnergy()-57,64",1,3,False
390,"fBodyAccJerk-bandsEnergy()-1,16","fBodyAccJerk-bandsEnergy()-1,16",1,3,False
391,"fBodyAccJerk-bandsEnergy()-17,32","fBodyAccJerk-bandsEnergy()-17,32",1,3,False
392,"fBodyAccJerk-bandsEnergy()-33,48","fBodyAccJerk-bandsEnergy()-33,48",1,3,False
393,"fBodyAccJerk-bandsEnergy()-49,64","fBodyAccJerk-bandsEnergy()-49,64",1,3,False
394,"fBodyAccJerk-bandsEnergy()-1,24","fBodyAccJerk-bandsEnergy()-1,24",1,3,False
395,"fBodyAccJerk-bandsEnergy()-25,48","fBodyAccJerk-bandsEnergy()-25,48",1,3,False
396,"fBodyAccJerk-bandsEnergy()-1,8","fBodyAccJerk-bandsEnergy()-1,8.1",2,3,True
397,"fBodyAccJerk-bandsEnergy()-9,16","fBodyAccJerk-bandsEnergy()-9,16.1",2,3,True
398,"fBodyAccJerk-bandsEnergy()-17,24","fBodyAccJerk-bandsEnergy()-17,24.1",2,3,True
399,"fBodyAccJerk-bandsEnergy()-25,32","fBodyAccJerk-bandsEnergy()-25,32.1",2,3,True
400,"fBodyAccJerk-bandsEnergy()-33,40","fBodyAccJerk-bandsEnergy()-33,40.1",2,3,True
401,"fBodyAccJerk-bandsEnergy()-41,48","fBodyAccJerk-bandsEnergy()-41,48.1",2,3,True
402,"fBodyAccJerk-bandsEnergy()-49,56","fBodyAccJerk-bandsEnergy()-49,56.1",2,3,True
403,"fBodyAccJerk-bandsEnergy()-57,64","fBodyAccJerk-bandsEnergy()-57,64.1",2,3,True
404,"fBodyAccJerk-bandsEnergy()-1,16","fBodyAccJerk-bandsEnergy()-1,16.1",2,3,True
405,"fBodyAccJerk-bandsEnergy()-17,32","fBodyAccJerk-bandsEnergy()-17,32.1",2,3,True
406,"fBodyAccJerk-bandsEnergy()-33,48","fBodyAccJerk-bandsEnergy()-33,48.1",2,3,True
407,"fBodyAccJerk-bandsEnergy()-49,64","fBodyAccJerk-bandsEnergy()-49,64.1",2,3,True
408,"fBodyAccJerk-bandsEnergy()-1,24","fBodyAccJerk-bandsEnergy()-1,24.1",2,3,True
409,"fBodyAccJerk-bandsEnergy()-25,48","fBodyAccJerk-bandsEnergy()-25,48.1",2,3,True
410,"fBodyAccJerk-bandsEnergy()-1,8","fBodyAccJerk-bandsEnergy()-1,8.2",3,3,True
411,"fBodyAccJerk-bandsEnergy()-9,16","fBodyAccJerk-bandsEnergy()-9,16.2",3,3,True
412,"fBodyAccJerk-bandsEnergy()-17,24","fBodyAccJerk-bandsEnergy()-17,24.2",3,3,True
413,"fBodyAccJerk-bandsEnergy()-25,32","fBodyAccJerk-bandsEnergy()-25,32.2",3,3,True
414,"fBodyAccJerk-bandsEnergy()-33,40","fBodyAccJerk-bandsEnergy()-33,40.2",3,3,True
415,"fBodyAccJerk-bandsEnergy()-41,48","fBodyAccJerk-bandsEnergy()-41,48.2",3,3,True
416,"fBodyAccJerk-bandsEnergy()-49,56","fBodyAccJerk-bandsEnergy()-49,56.2",3,3,True
417,"fBodyAccJerk-bandsEnergy()-57,64","fBodyAccJerk-bandsEnergy()-57,64.2",3,3,True
418,"fBodyAccJerk-bandsEnergy()-1,16","fBodyAccJerk-bandsEnergy()-1,16.2",3,3,True
419,"fBodyAccJerk-bandsEnergy()-17,32","fBodyAccJerk-bandsEnergy()-17,32.2",3,3,True
420,"fBodyAccJerk-bandsEnergy()-33,48","fBodyAccJerk-bandsEnergy()-33,48.2",3,3,True
421,"fBodyAccJerk-bandsEnergy()-49,64","fBodyAccJerk-bandsEnergy()-49,64.2",3,3,True
422,"fBodyAccJerk-bandsEnergy()-1,24","fBodyAccJerk-bandsEnergy()-1,24.2",3,3,True
423,"fBodyAccJerk-bandsEnergy()-25,48","fBodyAccJerk-bandsEnergy()-25,48.2",3,3,True
424,fBodyGyro-mean()-X,fBodyGyro-mean()-X,1,1,False
425,fBodyGyro-mean()-Y,fBodyGyro-mean()-Y,1,1,False
426,fBodyGyro-mean()-Z,fBodyGyro-mean()-Z,1,1,False
427,fBodyGyro-std()-X,fBodyGyro-std()-X,1,1,False
428,fBodyGyro-std()-Y,fBodyGyro-std()-Y,1,1,False
429,fBodyGyro-std()-Z,fBodyGyro-std()-Z,1,1,False
430,fBodyGyro-mad()-X,fBodyGyro-mad()-X,1,1,False
431,fBodyGyro-mad()-Y,fBodyGyro-mad()-Y,1,1,False
432,fBodyGyro-mad()-Z,fBodyGyro-mad()-Z,1,1,False
433,fBodyGyro-max()-X,fBodyGyro-max()-X,1,1,False
434,fBodyGyro-max()-Y,fBodyGyro-max()-Y,1,1,False
435,fBodyGyro-max()-Z,fBodyGyro-max()-Z,1,1,False
436,fBodyGyro-min()-X,fBodyGyro-min()-X,1,1,False
437,fBodyGyro-min()-Y,fBodyGyro-min()-Y,1,1,False
438,fBodyGyro-min()-Z,fBodyGyro-min()-Z,1,1,False
439,fBodyGyro-sma(),fBodyGyro-sma(),1,1,False
440,fBodyGyro-energy()-X,fBodyGyro-energy()-X,1,1,False
441,fBodyGyro-energy()-Y,fBodyGyro-energy()-Y,1,1,False
442,fBodyGyro-energy()-Z,fBodyGyro-energy()-Z,1,1,False
443,fBodyGyro-iqr()-X,fBodyGyro-iqr()-X,1,1,False
444,fBodyGyro-iqr()-Y,fBodyGyro-iqr()-Y,1,1,False
445,fBodyGyro-iqr()-Z,fBodyGyro-iqr()-Z,1,1,False
446,fBodyGyro-entropy()-X,fBodyGyro-entropy()-X,1,1,False
447,fBodyGyro-entropy()-Y,fBodyGyro-entropy()-Y,1,1,False
448,fBodyGyro-entropy()-Z,fBodyGyro-entropy()-Z,1,1,False
449,fBodyGyro-maxInds-X,fBodyGyro-maxInds-X,1,1,False
450,fBodyGyro-maxInds-Y,fBodyGyro-maxInds-Y,1,1,False
451,fBodyGyro-maxInds-Z,fBodyGyro-maxInds-Z,1,1,False
452,fBodyGyro-meanFreq()-X,fBodyGyro-meanFreq()-X,1,1,False
453,fBodyGyro-meanFreq()-Y,fBodyGyro-meanFreq()-Y,1,1,False
454,fBodyGyro-meanFreq()-Z,fBodyGyro-meanFreq()-Z,1,1,False
455,fBodyGyro-skewness()-X,fBodyGyro-skewness()-X,1,1,False
456,fBodyGyro-kurtosis()-X,fBodyGyro-kurtosis()-X,1,1,False
457,fBodyGyro-skewness()-Y,fBodyGyro-skewness()-Y,1,1,False
458,fBodyGyro-kurtosis()-Y,fBodyGyro-kurtosis()-Y,1,1,False
459,fBodyGyro-skewness()-Z,fBodyGyro-skewness()-Z,1,1,False
460,fBodyGyro-kurtosis()-Z,fBodyGyro-kurtosis()-Z,1,1,False
461,"fBodyGyro-bandsEnergy()-1,8","fBodyGyro-bandsEnergy()-1,8",1,3,False
462,"fBodyGyro-bandsEnergy()-9,16","fBodyGyro-bandsEnergy()-9,16",1,3,False
463,"fBodyGyro-bandsEnergy()-17,24","fBodyGyro-bandsEnergy()-17,24",1,3,False
464,"fBodyGyro-bandsEnergy()-25,32","fBodyGyro-bandsEnergy()-25,32",1,3,False
465,"fBodyGyro-bandsEnergy()-33,40","fBodyGyro-bandsEnergy()-33,40",1,3,False
466,"fBodyGyro-bandsEnergy()-41,48","fBodyGyro-bandsEnergy()-41,48",1,3,False
467,"fBodyGyro-bandsEnergy()-49,56","fBodyGyro-bandsEnergy()-49,56",1,3,False
468,"fBodyGyro-bandsEnergy()-57,64","fBodyGyro-bandsEnergy()-57,64",1,3,False
469,"fBodyGyro-bandsEnergy()-1,16","fBodyGyro-bandsEnergy()-1,16",1,3,False
470,"fBodyGyro-bandsEnergy()-17,32","fBodyGyro-bandsEnergy()-17,32",1,3,False
471,"fBodyGyro-bandsEnergy()-33,48","fBodyGyro-bandsEnergy()-33,48",1,3,False
472,"fBodyGyro-bandsEnergy()-49,64","fBodyGyro-bandsEnergy()-49,64",1,3,False
473,"fBodyGyro-bandsEnergy()-1,24","fBodyGyro-bandsEnergy()-1,24",1,3,False
474,"fBodyGyro-bandsEnergy()-25,48","fBodyGyro-bandsEnergy()-25,48",1,3,False
475,"fBodyGyro-bandsEnergy()-1,8","fBodyGyro-bandsEnergy()-1,8.1",2,3,True
476,"fBodyGyro-bandsEnergy()-9,16","fBodyGyro-bandsEnergy()-9,16.1",2,3,True
477,"fBodyGyro-bandsEnergy()-17,24","fBodyGyro-bandsEnergy()-17,24.1",2,3,True
478,"fBodyGyro-bandsEnergy()-25,32","fBodyGyro-bandsEnergy()-25,32.1",2,3,True
479,"fBodyGyro-bandsEnergy()-33,40","fBodyGyro-bandsEnergy()-33,40.1",2,3,True
480,"fBodyGyro-bandsEnergy()-41,48","fBodyGyro-bandsEnergy()-41,48.1",2,3,True
481,"fBodyGyro-bandsEnergy()-49,56","fBodyGyro-bandsEnergy()-49,56.1",2,3,True
482,"fBodyGyro-bandsEnergy()-57,64","fBodyGyro-bandsEnergy()-57,64.1",2,3,True
483,"fBodyGyro-bandsEnergy()-1,16","fBodyGyro-bandsEnergy()-1,16.1",2,3,True
484,"fBodyGyro-bandsEnergy()-17,32","fBodyGyro-bandsEnergy()-17,32.1",2,3,True
485,"fBodyGyro-bandsEnergy()-33,48","fBodyGyro-bandsEnergy()-33,48.1",2,3,True
486,"fBodyGyro-bandsEnergy()-49,64","fBodyGyro-bandsEnergy()-49,64.1",2,3,True
487,"fBodyGyro-bandsEnergy()-1,24","fBodyGyro-bandsEnergy()-1,24.1",2,3,True
488,"fBodyGyro-bandsEnergy()-25,48","fBodyGyro-bandsEnergy()-25,48.1",2,3,True
489,"fBodyGyro-bandsEnergy()-1,8","fBodyGyro-bandsEnergy()-1,8.2",3,3,True
490,"fBodyGyro-bandsEnergy()-9,16","fBodyGyro-bandsEnergy()-9,16.2",3,3,True
491,"fBodyGyro-bandsEnergy()-17,24","fBodyGyro-bandsEnergy()-17,24.2",3,3,True
492,"fBodyGyro-bandsEnergy()-25,32","fBodyGyro-bandsEnergy()-25,32.2",3,3,True
493,"fBodyGyro-bandsEnergy()-33,40","fBodyGyro-bandsEnergy()-33,40.2",3,3,True
494,"fBodyGyro-bandsEnergy()-41,48","fBodyGyro-bandsEnergy()-41,48.2",3,3,True
495,"fBodyGyro-bandsEnergy()-49,56","fBodyGyro-bandsEnergy()-49,56.2",3,3,True
496,"fBodyGyro-bandsEnergy()-57,64","fBodyGyro-bandsEnergy()-57,64.2",3,3,True
497,"fBodyGyro-bandsEnergy()-1,16","fBodyGyro-bandsEnergy()-1,16.2",3,3,True
498,"fBodyGyro-bandsEnergy()-17,32","fBodyGyro-bandsEnergy()-17,32.2",3,3,True
499,"fBodyGyro-bandsEnergy()-33,48","fBodyGyro-bandsEnergy()-33,48.2",3,3,True
500,"fBodyGyro-bandsEnergy()-49,64","fBodyGyro-bandsEnergy()-49,64.2",3,3,True
501,"fBodyGyro-bandsEnergy()-1,24","fBodyGyro-bandsEnergy()-1,24.2",3,3,True
502,"fBodyGyro-bandsEnergy()-25,48","fBodyGyro-bandsEnergy()-25,48.2",3,3,True
503,fBodyAccMag-mean(),fBodyAccMag-mean(),1,1,False
504,fBodyAccMag-std(),fBodyAccMag-std(),1,1,False
505,fBodyAccMag-mad(),fBodyAccMag-mad(),1,1,False
506,fBodyAccMag-max(),fBodyAccMag-max(),1,1,False
507,fBodyAccMag-min(),fBodyAccMag-min(),1,1,False
508,fBodyAccMag-sma(),fBodyAccMag-sma(),1,1,False
509,fBodyAccMag-energy(),fBodyAccMag-energy(),1,1,False
510,fBodyAccMag-iqr(),fBodyAccMag-iqr(),1,1,False
511,fBodyAccMag-entropy(),fBodyAccMag-entropy(),1,1,False
512,fBodyAccMag-maxInds,fBodyAccMag-maxInds,1,1,False
513,fBodyAccMag-meanFreq(),fBodyAccMag-meanFreq(),1,1,False
514,fBodyAccMag-skewness(),fBodyAccMag-skewness(),1,1,False
515,fBodyAccMag-kurtosis(),fBodyAccMag-kurtosis(),1,1,False
516,fBodyBodyAccJerkMag-mean(),fBodyBodyAccJerkMag-mean(),1,1,False
517,fBodyBodyAccJerkMag-std(),fBodyBodyAccJerkMag-std(),1,1,False
518,fBodyBodyAccJerkMag-mad(),fBodyBodyAccJerkMag-mad(),1,1,False
519,fBodyBodyAccJerkMag-max(),fBodyBodyAccJerkMag-max(),1,1,False
520,fBodyBodyAccJerkMag-min(),fBodyBodyAccJerkMag-min(),1,1,False
521,fBodyBodyAccJerkMag-sma(),fBodyBodyAccJerkMag-sma(),1,1,False
522,fBodyBodyAccJerkMag-energy(),fBodyBodyAccJerkMag-energy(),1,1,False
523,fBodyBodyAccJerkMag-iqr(),fBodyBodyAccJerkMag-iqr(),1,1,False
524,fBodyBodyAccJerkMag-entropy(),fBodyBodyAccJerkMag-entropy(),1,1,False
525,fBodyBodyAccJerkMag-maxInds,fBodyBodyAccJerkMag-maxInds,1,1,False
526,fBodyBodyAccJerkMag-meanFreq(),fBodyBodyAccJerkMag-meanFreq(),1,1,False
527,fBodyBodyAccJerkMag-skewness(),fBodyBodyAccJerkMag-skewness(),1,1,False
528,fBodyBodyAccJerkMag-kurtosis(),fBodyBodyAccJerkMag-kurtosis(),1,1,False
529,fBodyBodyGyroMag-mean(),fBodyBodyGyroMag-mean(),1,1,False
530,fBodyBodyGyroMag-std(),fBodyBodyGyroMag-std(),1,1,False
531,fBodyBodyGyroMag-mad(),fBodyBodyGyroMag-mad(),1,1,False
532,fBodyBodyGyroMag-max(),fBodyBodyGyroMag-max(),1,1,False
533,fBodyBodyGyroMag-min(),fBodyBodyGyroMag-min(),1,1,False
534,fBodyBodyGyroMag-sma(),fBodyBodyGyroMag-sma(),1,1,False
535,fBodyBodyGyroMag-energy(),fBodyBodyGyroMag-energy(),1,1,False
536,fBodyBodyGyroMag-iqr(),fBodyBodyGyroMag-iqr(),1,1,False
537,fBodyBodyGyroMag-entropy(),fBodyBodyGyroMag-entropy(),1,1,False
538,fBodyBodyGyroMag-maxInds,fBodyBodyGyroMag-maxInds,1,1,False
539,fBodyBodyGyroMag-meanFreq(),fBodyBodyGyroMag-meanFreq(),1,1,False
540,fBodyBodyGyroMag-skewness(),fBodyBodyGyroMag-skewness(),1,1,False
541,fBodyBodyGyroMag-kurtosis(),fBodyBodyGyroMag-kurtosis(),1,1,False
542,fBodyBodyGyroJerkMag-mean(),fBodyBodyGyroJerkMag-mean(),1,1,False
543,fBodyBodyGyroJerkMag-std(),fBodyBodyGyroJerkMag-std(),1,1,False
544,fBodyBodyGyroJerkMag-mad(),fBodyBodyGyroJerkMag-mad(),1,1,False
545,fBodyBodyGyroJerkMag-max(),fBodyBodyGyroJerkMag-max(),1,1,False
546,fBodyBodyGyroJerkMag-min(),fBodyBodyGyroJerkMag-min(),1,1,False
547,fBodyBodyGyroJerkMag-sma(),fBodyBodyGyroJerkMag-sma(),1,1,False
548,fBodyBodyGyroJerkMag-energy(),fBodyBodyGyroJerkMag-energy(),1,1,False
549,fBodyBodyGyroJerkMag-iqr(),fBodyBodyGyroJerkMag-iqr(),1,1,False
550,fBodyBodyGyroJerkMag-entropy(),fBodyBodyGyroJerkMag-entropy(),1,1,False
551,fBodyBodyGyroJerkMag-maxInds,fBodyBodyGyroJerkMag-maxInds,1,1,False
552,fBodyBodyGyroJerkMag-meanFreq(),fBodyBodyGyroJerkMag-meanFreq(),1,1,False
553,fBodyBodyGyroJerkMag-skewness(),fBodyBodyGyroJerkMag-skewness(),1,1,False
554,fBodyBodyGyroJerkMag-kurtosis(),fBodyBodyGyroJerkMag-kurtosis(),1,1,False
555,"angle(tBodyAccMean,gravity)","angle(tBodyAccMean,gravity)",1,1,False
556,"angle(tBodyAccJerkMean),gravityMean)","angle(tBodyAccJerkMean),gravityMean)",1,1,False
557,"angle(tBodyGyroMean,gravityMean)","angle(tBodyGyroMean,gravityMean)",1,1,False
558,"angle(tBodyGyroJerkMean,gravityMean)","angle(tBodyGyroJerkMean,gravityMean)",1,1,False
559,"angle(X,gravityMean)","angle(X,gravityMean)",1,1,False
560,"angle(Y,gravityMean)","angle(Y,gravityMean)",1,1,False
561,"angle(Z,gravityMean)","angle(Z,gravityMean)",1,1,False
