subject,WALKING,WALKING_UPSTAIRS,WALKING_DOWNSTAIRS,SITTING,STANDING,LAYING
1,121.600000,67.840000,62.720000,60.160000,67.840000,64.000000
2,75.520000,61.440000,60.160000,58.880000,69.120000,61.440000
3,74.240000,75.520000,62.720000,66.560000,78.080000,79.360000
4,76.800000,66.560000,57.600000,64.000000,71.680000,69.120000
5,71.680000,60.160000,60.160000,56.320000,71.680000,66.560000
6,72.960000,65.280000,61.440000,70.400000,72.960000,72.960000
7,72.960000,65.280000,60.160000,61.440000,67.840000,66.560000
8,61.440000,52.480000,48.640000,58.880000,69.120000,69.120000
9,66.560000,62.720000,53.760000,64.000000,57.600000,64.000000
10,67.840000,60.160000,48.640000,69.120000,56.320000,74.240000
11,75.520000,69.120000,58.880000,67.840000,60.160000,72.960000
12,64.000000,66.560000,58.880000,65.280000,78.080000,76.800000
13,72.960000,70.400000,60.160000,62.720000,72.960000,79.360000
14,75.520000,69.120000,57.600000,69.120000,76.800000,65.280000
15,69.120000,61.440000,53.760000,75.520000,67.840000,92.160000
16,65.280000,65.280000,60.160000,88.320000,99.840000,89.600000
17,78.080000,61.440000,58.880000,81.920000,99.840000,90.880000
18,71.680000,74.240000,70.400000,72.960000,93.440000,83.200000
19,66.560000,51.200000,49.920000,93.440000,93.440000,106.240000
20,65.280000,65.280000,57.600000,84.480000,93.440000,87.040000
21,66.560000,60.160000,57.600000,108.800000,113.920000,115.200000
22,58.880000,53.760000,46.080000,79.360000,80.640000,92.160000
23,75.520000,65.280000,69.120000,87.040000,87.040000,92.160000
24,74.240000,75.520000,70.400000,87.040000,88.320000,92.160000
25,94.720000,83.200000,74.240000,83.200000,94.720000,93.440000
26,75.520000,70.400000,64.000000,99.840000,94.720000,97.280000
27,72.960000,65.280000,56.320000,89.600000,102.400000,94.720000
28,69.120000,65.280000,58.880000,92.160000,101.120000,102.400000
29,67.840000,62.720000,61.440000,76.800000,83.200000,88.320000
30,83.200000,83.200000,79.360000,79.360000,75.520000,89.600000
