component,explainedVarianceRatio,cumulativeExplainedVarianceRatio
1,0.507382,0.507382
2,0.062392,0.569774
3,0.026926,0.596700
4,0.024529,0.621228
5,0.018889,0.640118
6,0.016314,0.656432
7,0.014145,0.670577
8,0.012162,0.682739
9,0.009852,0.692592
10,0.009492,0.702084
11,0.008583,0.710667
12,0.008100,0.718767
13,0.007659,0.726425
14,0.006767,0.733192
15,0.006302,0.739494
16,0.006157,0.745652
17,0.005953,0.751605
18,0.005772,0.757377
19,0.005634,0.763011
20,0.005408,0.768420
21,0.005188,0.773608
22,0.005027,0.778635
23,0.004732,0.783368
24,0.004638,0.788006
25,0.004468,0.792474
26,0.004399,0.796873
27,0.004169,0.801042
28,0.004008,0.805050
29,0.003891,0.808940
30,0.003813,0.812754
31,0.003669,0.816422
32,0.003644,0.820066
33,0.003492,0.823558
34,0.003467,0.827026
35,0.003355,0.830381
36,0.003294,0.833675
37,0.003238,0.836913
38,0.003005,0.839918
39,0.002943,0.842861
40,0.002905,0.845765
41,0.002758,0.848523
42,0.002699,0.851222
43,0.002642,0.853864
44,0.002580,0.856444
45,0.002550,0.858994
46,0.002478,0.861472
47,0.002455,0.863927
48,0.002383,0.866310
49,0.002359,0.868669
50,0.002320,0.870990
