subject,walkingWindows,ssaWindowLength,trendSingularShare,pairSingularShare,pairVarianceRatio,pairWCorrelation,wCorrelated,firstComponentPeakHz,secondComponentPeakHz,periodogramStartHz,ssaStepsPerSecond,sineAmplitude,sineRSquared,nyquistHz
1,95,47,0.977062,0.004892,0.255244,0.982431,True,0.148540,0.148026,0.148026,0.148061,0.028849,0.776152,0.390625
2,59,29,0.973463,0.007927,0.241733,0.987012,True,0.200278,0.199450,0.200278,0.200030,0.030750,0.774715,0.390625
3,58,29,0.972125,0.011270,0.379268,0.988212,True,0.139749,0.138066,0.138908,0.138718,0.037671,0.844449,0.390625
4,60,30,0.991735,0.002611,0.369941,0.968888,True,0.195312,0.193685,0.194499,0.194823,0.017828,0.459242,0.390625
5,56,28,0.974041,0.007959,0.424458,0.953083,True,0.293841,0.297328,0.294713,0.294517,0.033152,0.591629,0.390625
6,57,28,0.969126,0.010272,0.223854,0.974565,True,0.225295,0.222725,0.224438,0.224151,0.030430,0.699068,0.390625
7,57,28,0.972486,0.015018,0.459759,0.995228,True,0.277549,0.278406,0.277549,0.277877,0.047923,0.971672,0.390625
8,48,24,0.974011,0.007573,0.387715,0.865338,True,0.260417,0.266520,0.262451,0.262077,0.029702,0.440093,0.390625
9,52,26,0.992363,0.001785,0.155472,0.143022,False,0.390625,0.252592,0.390625,0.386172,0.012113,0.580230,0.390625
10,53,26,0.966429,0.015999,0.399290,0.974343,True,0.247826,0.250590,0.248747,0.249264,0.047733,0.809876,0.390625
11,59,29,0.976299,0.008483,0.397433,0.965868,True,0.195313,0.191175,0.193657,0.193592,0.031079,0.555505,0.390625
12,50,25,0.957686,0.017713,0.321553,0.995400,True,0.180664,0.179688,0.179688,0.179909,0.045642,0.857110,0.390625
13,57,28,0.980196,0.005684,0.233910,0.047955,False,0.148198,0.269840,0.146484,0.146576,0.017158,0.337788,0.390625
14,59,29,0.978868,0.010820,0.459495,0.965558,True,0.134898,0.138208,0.136553,0.136302,0.043927,0.895208,0.390625
15,54,27,0.964761,0.010677,0.267688,0.944371,True,0.141059,0.137442,0.139251,0.139420,0.037541,0.872832,0.390625
16,51,25,0.979226,0.008028,0.330512,0.896916,True,0.211589,0.221163,0.212546,0.214194,0.026116,0.464742,0.390625
17,61,30,0.984359,0.007110,0.354731,0.981073,True,0.069640,0.072842,0.071241,0.071316,0.031985,0.952903,0.390625
18,56,28,0.976855,0.008505,0.295563,0.899171,True,0.272914,0.267683,0.271170,0.271323,0.027555,0.646913,0.390625
19,52,26,0.978266,0.005630,0.198582,0.984992,True,0.199069,0.197191,0.198130,0.198026,0.026651,0.874316,0.390625
20,51,25,0.976964,0.009012,0.335844,0.990877,True,0.309245,0.309245,0.309245,0.308983,0.034332,0.928504,0.390625
21,52,26,0.982021,0.006422,0.360968,0.972433,True,0.229117,0.224422,0.227239,0.226513,0.026753,0.595997,0.390625
22,46,23,0.982970,0.004575,0.261699,0.989578,True,0.136931,0.140115,0.139054,0.138809,0.027203,0.837241,0.390625
23,59,29,0.966692,0.014837,0.491405,0.983652,True,0.144002,0.144002,0.144002,0.144193,0.048838,0.878971,0.390625
24,58,29,0.987995,0.004503,0.303368,0.971438,True,0.111968,0.117019,0.114494,0.114123,0.019977,0.682511,0.390625
25,74,37,0.987607,0.002867,0.147521,0.972144,True,0.214448,0.215768,0.215108,0.214797,0.015109,0.642642,0.390625
26,59,29,0.966435,0.009398,0.200432,0.966256,True,0.198623,0.163036,0.163864,0.164182,0.022471,0.406916,0.390625
27,57,28,0.974739,0.009948,0.393798,0.977962,True,0.214158,0.211589,0.213302,0.212784,0.037738,0.843267,0.390625
28,54,27,0.953822,0.014478,0.371865,0.983447,True,0.254991,0.255896,0.255896,0.255173,0.045073,0.698040,0.390625
29,53,26,0.946648,0.023134,0.428128,0.983647,True,0.172280,0.170438,0.171359,0.171630,0.064461,0.974108,0.390625
30,65,32,0.981027,0.005718,0.299875,0.877346,True,0.061599,0.059345,0.060847,0.060364,0.031099,0.774909,0.390625
