subject,upstairsSeconds,downstairsSeconds,upDownRatio
1,67.840000,62.720000,1.081633
2,61.440000,60.160000,1.021277
3,75.520000,62.720000,1.204082
4,66.560000,57.600000,1.155556
5,60.160000,60.160000,1.000000
6,65.280000,61.440000,1.062500
7,65.280000,60.160000,1.085106
8,52.480000,48.640000,1.078947
9,62.720000,53.760000,1.166667
10,60.160000,48.640000,1.236842
11,69.120000,58.880000,1.173913
12,66.560000,58.880000,1.130435
13,70.400000,60.160000,1.170213
14,69.120000,57.600000,1.200000
15,61.440000,53.760000,1.142857
16,65.280000,60.160000,1.085106
17,61.440000,58.880000,1.043478
18,74.240000,70.400000,1.054545
19,51.200000,49.920000,1.025641
20,65.280000,57.600000,1.133333
21,60.160000,57.600000,1.044444
22,53.760000,46.080000,1.166667
23,65.280000,69.120000,0.944444
24,75.520000,70.400000,1.072727
25,83.200000,74.240000,1.120690
26,70.400000,64.000000,1.100000
27,65.280000,56.320000,1.159091
28,65.280000,58.880000,1.108696
29,62.720000,61.440000,1.020833
30,83.200000,79.360000,1.048387
