feature,sensor,splitImportance,gainImportance
tBodyAcc-mean()-X,Acc,86,8.625238
tBodyAcc-mean()-Y,Acc,125,0.146872
tBodyAcc-mean()-Z,Acc,278,0.150428
tBodyAcc-std()-X,Acc,72,588.688884
tBodyAcc-std()-Y,Acc,69,23.206519
tBodyAcc-std()-Z,Acc,107,198.414670
tBodyAcc-mad()-X,Acc,36,23.939386
tBodyAcc-mad()-Y,Acc,94,9.122899
tBodyAcc-mad()-Z,Acc,72,210.300881
tBodyAcc-max()-X,Acc,198,997.320383
tBodyAcc-max()-Y,Acc,69,222.149449
tBodyAcc-max()-Z,Acc,188,747.510974
tBodyAcc-min()-X,Acc,81,343.721325
tBodyAcc-min()-Y,Acc,86,1.894825
tBodyAcc-min()-Z,Acc,138,583.408956
tBodyAcc-sma(),Acc,24,0.004814
tBodyAcc-energy()-X,Acc,41,0.063951
tBodyAcc-energy()-Y,Acc,23,1.276646
tBodyAcc-energy()-Z,Acc,14,31.568030
tBodyAcc-iqr()-X,Acc,71,6.160507
tBodyAcc-iqr()-Y,Acc,108,60.389845
tBodyAcc-iqr()-Z,Acc,47,7.554134
tBodyAcc-entropy()-X,Acc,90,15.100515
tBodyAcc-entropy()-Y,Acc,87,0.496660
tBodyAcc-entropy()-Z,Acc,135,96.941563
"tBodyAcc-arCoeff()-X,1",Acc,41,0.004171
"tBodyAcc-arCoeff()-X,2",Acc,80,0.211890
"tBodyAcc-arCoeff()-X,3",Acc,15,0.000010
"tBodyAcc-arCoeff()-X,4",Acc,57,0.022883
"tBodyAcc-arCoeff()-Y,1",Acc,56,5.299237
"tBodyAcc-arCoeff()-Y,2",Acc,70,1.407373
"tBodyAcc-arCoeff()-Y,3",Acc,91,154.883790
"tBodyAcc-arCoeff()-Y,4",Acc,228,8.618469
"tBodyAcc-arCoeff()-Z,1",Acc,49,0.637631
"tBodyAcc-arCoeff()-Z,2",Acc,24,0.029148
"tBodyAcc-arCoeff()-Z,3",Acc,28,0.004642
"tBodyAcc-arCoeff()-Z,4",Acc,67,11.707881
"tBodyAcc-correlation()-X,Y",Acc,282,654.317163
"tBodyAcc-correlation()-X,Z",Acc,272,538.841572
"tBodyAcc-correlation()-Y,Z",Acc,315,544.409640
tGravityAcc-mean()-X,Acc,100,62.677129
tGravityAcc-mean()-Y,Acc,159,443.928868
tGravityAcc-mean()-Z,Acc,115,503.394934
tGravityAcc-std()-X,Acc,34,0.066958
tGravityAcc-std()-Y,Acc,287,17.472955
tGravityAcc-std()-Z,Acc,224,0.062367
tGravityAcc-mad()-X,Acc,65,0.000036
tGravityAcc-mad()-Y,Acc,49,0.000072
tGravityAcc-mad()-Z,Acc,82,0.049744
tGravityAcc-max()-X,Acc,139,60.864638
tGravityAcc-max()-Y,Acc,127,599.738304
tGravityAcc-max()-Z,Acc,150,1870.385597
tGravityAcc-min()-X,Acc,46,20.308359
tGravityAcc-min()-Y,Acc,208,775.816016
tGravityAcc-min()-Z,Acc,200,936.225675
tGravityAcc-sma(),Acc,231,133.669512
tGravityAcc-energy()-X,Acc,4,0.431780
tGravityAcc-energy()-Y,Acc,144,964.140562
tGravityAcc-energy()-Z,Acc,68,15.331479
tGravityAcc-iqr()-X,Acc,55,0.324121
tGravityAcc-iqr()-Y,Acc,121,0.007031
tGravityAcc-iqr()-Z,Acc,99,1.474075
tGravityAcc-entropy()-X,Acc,31,0.490415
tGravityAcc-entropy()-Y,Acc,34,0.027325
tGravityAcc-entropy()-Z,Acc,21,34.882673
"tGravityAcc-arCoeff()-X,1",Acc,125,5.733577
"tGravityAcc-arCoeff()-X,2",Acc,91,1.406709
"tGravityAcc-arCoeff()-X,3",Acc,49,1.963489
"tGravityAcc-arCoeff()-X,4",Acc,48,3.432816
"tGravityAcc-arCoeff()-Y,1",Acc,101,0.066418
"tGravityAcc-arCoeff()-Y,2",Acc,36,0.310689
"tGravityAcc-arCoeff()-Y,3",Acc,40,0.616830
"tGravityAcc-arCoeff()-Y,4",Acc,47,357.281112
"tGravityAcc-arCoeff()-Z,1",Acc,88,9.417599
"tGravityAcc-arCoeff()-Z,2",Acc,40,3.336713
"tGravityAcc-arCoeff()-Z,3",Acc,78,0.734944
"tGravityAcc-arCoeff()-Z,4",Acc,135,165.546438
"tGravityAcc-correlation()-X,Y",Acc,104,0.007402
"tGravityAcc-correlation()-X,Z",Acc,81,1.423901
"tGravityAcc-correlation()-Y,Z",Acc,211,2.910195
tBodyAccJerk-mean()-X,Acc,99,0.031187
tBodyAccJerk-mean()-Y,Acc,79,1.035199
tBodyAccJerk-mean()-Z,Acc,110,5.030269
tBodyAccJerk-std()-X,Acc,24,0.503181
tBodyAccJerk-std()-Y,Acc,43,0.053391
tBodyAccJerk-std()-Z,Acc,11,0.001367
tBodyAccJerk-mad()-X,Acc,27,0.465180
tBodyAccJerk-mad()-Y,Acc,21,30.018916
tBodyAccJerk-mad()-Z,Acc,7,0.000055
tBodyAccJerk-max()-X,Acc,33,1.081334
tBodyAccJerk-max()-Y,Acc,56,0.161095
tBodyAccJerk-max()-Z,Acc,88,4.793773
tBodyAccJerk-min()-X,Acc,61,20.574713
tBodyAccJerk-min()-Y,Acc,29,0.439173
tBodyAccJerk-min()-Z,Acc,107,0.035978
tBodyAccJerk-sma(),Acc,31,2.744584
tBodyAccJerk-energy()-X,Acc,2,0.002760
tBodyAccJerk-energy()-Y,Acc,2,0.000000
tBodyAccJerk-energy()-Z,Acc,4,0.000902
tBodyAccJerk-iqr()-X,Acc,52,0.072319
tBodyAccJerk-iqr()-Y,Acc,83,41.741210
tBodyAccJerk-iqr()-Z,Acc,47,112.774150
tBodyAccJerk-entropy()-X,Acc,54,0.062611
tBodyAccJerk-entropy()-Y,Acc,49,0.110455
tBodyAccJerk-entropy()-Z,Acc,48,0.835592
"tBodyAccJerk-arCoeff()-X,1",Acc,31,0.012186
"tBodyAccJerk-arCoeff()-X,2",Acc,13,0.780566
"tBodyAccJerk-arCoeff()-X,3",Acc,39,1.424299
"tBodyAccJerk-arCoeff()-X,4",Acc,78,6.129162
"tBodyAccJerk-arCoeff()-Y,1",Acc,107,0.094627
"tBodyAccJerk-arCoeff()-Y,2",Acc,88,2.776539
"tBodyAccJerk-arCoeff()-Y,3",Acc,135,8.450146
"tBodyAccJerk-arCoeff()-Y,4",Acc,81,2.003731
"tBodyAccJerk-arCoeff()-Z,1",Acc,48,3.105404
"tBodyAccJerk-arCoeff()-Z,2",Acc,65,0.409013
"tBodyAccJerk-arCoeff()-Z,3",Acc,38,5.487029
"tBodyAccJerk-arCoeff()-Z,4",Acc,100,1.566148
"tBodyAccJerk-correlation()-X,Y",Acc,182,559.363558
"tBodyAccJerk-correlation()-X,Z",Acc,264,853.566513
"tBodyAccJerk-correlation()-Y,Z",Acc,186,296.570698
tBodyGyro-mean()-X,Gyro,984,0.028622
tBodyGyro-mean()-Y,Gyro,103,0.001563
tBodyGyro-mean()-Z,Gyro,268,3.298966
tBodyGyro-std()-X,Gyro,40,6.042572
tBodyGyro-std()-Y,Gyro,73,0.004485
tBodyGyro-std()-Z,Gyro,30,11.635578
tBodyGyro-mad()-X,Gyro,18,0.753399
tBodyGyro-mad()-Y,Gyro,46,71.891892
tBodyGyro-mad()-Z,Gyro,91,603.266231
tBodyGyro-max()-X,Gyro,186,1.294104
tBodyGyro-max()-Y,Gyro,82,244.368943
tBodyGyro-max()-Z,Gyro,81,3.865631
tBodyGyro-min()-X,Gyro,69,1.449836
tBodyGyro-min()-Y,Gyro,69,1.491435
tBodyGyro-min()-Z,Gyro,113,6.573670
tBodyGyro-sma(),Gyro,77,21.107603
tBodyGyro-energy()-X,Gyro,230,0.077427
tBodyGyro-energy()-Y,Gyro,19,0.004721
tBodyGyro-energy()-Z,Gyro,40,0.172178
tBodyGyro-iqr()-X,Gyro,54,372.093640
tBodyGyro-iqr()-Y,Gyro,142,528.556892
tBodyGyro-iqr()-Z,Gyro,196,76.092088
tBodyGyro-entropy()-X,Gyro,110,0.160701
tBodyGyro-entropy()-Y,Gyro,129,19.173969
tBodyGyro-entropy()-Z,Gyro,119,27.159498
"tBodyGyro-arCoeff()-X,1",Gyro,235,606.399908
"tBodyGyro-arCoeff()-X,2",Gyro,72,3.532416
"tBodyGyro-arCoeff()-X,3",Gyro,86,28.308343
"tBodyGyro-arCoeff()-X,4",Gyro,123,42.614217
"tBodyGyro-arCoeff()-Y,1",Gyro,71,1.481383
"tBodyGyro-arCoeff()-Y,2",Gyro,34,1.670204
"tBodyGyro-arCoeff()-Y,3",Gyro,54,19.067122
"tBodyGyro-arCoeff()-Y,4",Gyro,102,148.346857
"tBodyGyro-arCoeff()-Z,1",Gyro,64,7.769693
"tBodyGyro-arCoeff()-Z,2",Gyro,105,1.629816
"tBodyGyro-arCoeff()-Z,3",Gyro,90,3.811770
"tBodyGyro-arCoeff()-Z,4",Gyro,88,5.679540
"tBodyGyro-correlation()-X,Y",Gyro,133,110.087819
"tBodyGyro-correlation()-X,Z",Gyro,403,188.299586
"tBodyGyro-correlation()-Y,Z",Gyro,195,194.601009
tBodyGyroJerk-mean()-X,Gyro,22,12.936463
tBodyGyroJerk-mean()-Y,Gyro,323,0.001179
tBodyGyroJerk-mean()-Z,Gyro,38,0.717130
tBodyGyroJerk-std()-X,Gyro,31,2.522614
tBodyGyroJerk-std()-Y,Gyro,38,12.557823
tBodyGyroJerk-std()-Z,Gyro,28,8.432738
tBodyGyroJerk-mad()-X,Gyro,68,783.016027
tBodyGyroJerk-mad()-Y,Gyro,70,390.199759
tBodyGyroJerk-mad()-Z,Gyro,32,0.014749
tBodyGyroJerk-max()-X,Gyro,184,1.781264
tBodyGyroJerk-max()-Y,Gyro,34,40.885894
tBodyGyroJerk-max()-Z,Gyro,94,1.363275
tBodyGyroJerk-min()-X,Gyro,80,5.006001
tBodyGyroJerk-min()-Y,Gyro,37,6.124728
tBodyGyroJerk-min()-Z,Gyro,38,0.399843
tBodyGyroJerk-sma(),Gyro,22,4.686088
tBodyGyroJerk-energy()-X,Gyro,11,16.402228
tBodyGyroJerk-energy()-Y,Gyro,5,1.757598
tBodyGyroJerk-energy()-Z,Gyro,7,11.590989
tBodyGyroJerk-iqr()-X,Gyro,73,2.405432
tBodyGyroJerk-iqr()-Y,Gyro,32,4.129173
tBodyGyroJerk-iqr()-Z,Gyro,107,19.587800
tBodyGyroJerk-entropy()-X,Gyro,85,0.084608
tBodyGyroJerk-entropy()-Y,Gyro,69,7.014420
tBodyGyroJerk-entropy()-Z,Gyro,119,1.015959
"tBodyGyroJerk-arCoeff()-X,1",Gyro,157,2.555990
"tBodyGyroJerk-arCoeff()-X,2",Gyro,84,23.341989
"tBodyGyroJerk-arCoeff()-X,3",Gyro,44,1.442031
"tBodyGyroJerk-arCoeff()-X,4",Gyro,94,20.220056
"tBodyGyroJerk-arCoeff()-Y,1",Gyro,104,9.037034
"tBodyGyroJerk-arCoeff()-Y,2",Gyro,64,4.322829
"tBodyGyroJerk-arCoeff()-Y,3",Gyro,95,2.481497
"tBodyGyroJerk-arCoeff()-Y,4",Gyro,86,6.077014
"tBodyGyroJerk-arCoeff()-Z,1",Gyro,79,0.634324
"tBodyGyroJerk-arCoeff()-Z,2",Gyro,60,0.310051
"tBodyGyroJerk-arCoeff()-Z,3",Gyro,56,6.514213
"tBodyGyroJerk-arCoeff()-Z,4",Gyro,104,31.727154
"tBodyGyroJerk-correlation()-X,Y",Gyro,350,771.131927
"tBodyGyroJerk-correlation()-X,Z",Gyro,398,549.914266
"tBodyGyroJerk-correlation()-Y,Z",Gyro,103,29.493205
tBodyAccMag-mean(),Acc,34,1.283399
tBodyAccMag-std(),Acc,10,0.859870
tBodyAccMag-mad(),Acc,15,1.736976
tBodyAccMag-max(),Acc,36,0.011111
tBodyAccMag-min(),Acc,198,0.711829
tBodyAccMag-sma(),Acc,0,0.000000
tBodyAccMag-energy(),Acc,34,0.515647
tBodyAccMag-iqr(),Acc,79,1.894623
tBodyAccMag-entropy(),Acc,24,1.299190
tBodyAccMag-arCoeff()1,Acc,88,0.029820
tBodyAccMag-arCoeff()2,Acc,79,1.713764
tBodyAccMag-arCoeff()3,Acc,82,4.496169
tBodyAccMag-arCoeff()4,Acc,70,3.020224
tGravityAccMag-mean(),Acc,0,0.000000
tGravityAccMag-std(),Acc,0,0.000000
tGravityAccMag-mad(),Acc,0,0.000000
tGravityAccMag-max(),Acc,0,0.000000
tGravityAccMag-min(),Acc,0,0.000000
tGravityAccMag-sma(),Acc,0,0.000000
tGravityAccMag-energy(),Acc,0,0.000000
tGravityAccMag-iqr(),Acc,0,0.000000
tGravityAccMag-entropy(),Acc,0,0.000000
tGravityAccMag-arCoeff()1,Acc,0,0.000000
tGravityAccMag-arCoeff()2,Acc,0,0.000000
tGravityAccMag-arCoeff()3,Acc,0,0.000000
tGravityAccMag-arCoeff()4,Acc,0,0.000000
tBodyAccJerkMag-mean(),Acc,52,0.010711
tBodyAccJerkMag-std(),Acc,56,323.461363
tBodyAccJerkMag-mad(),Acc,39,1.688139
tBodyAccJerkMag-max(),Acc,32,15.954107
tBodyAccJerkMag-min(),Acc,89,4.308591
tBodyAccJerkMag-sma(),Acc,0,0.000000
tBodyAccJerkMag-energy(),Acc,40,50.905532
tBodyAccJerkMag-iqr(),Acc,84,0.643246
tBodyAccJerkMag-entropy(),Acc,35,0.000157
tBodyAccJerkMag-arCoeff()1,Acc,36,8.599432
tBodyAccJerkMag-arCoeff()2,Acc,65,3.637554
tBodyAccJerkMag-arCoeff()3,Acc,111,12.804803
tBodyAccJerkMag-arCoeff()4,Acc,85,0.901912
tBodyGyroMag-mean(),Gyro,71,0.000475
tBodyGyroMag-std(),Gyro,38,174.334146
tBodyGyroMag-mad(),Gyro,42,0.714467
tBodyGyroMag-max(),Gyro,47,51.285942
tBodyGyroMag-min(),Gyro,62,0.789070
tBodyGyroMag-sma(),Gyro,0,0.000000
tBodyGyroMag-energy(),Gyro,28,0.000100
tBodyGyroMag-iqr(),Gyro,43,0.000224
tBodyGyroMag-entropy(),Gyro,128,16.405539
tBodyGyroMag-arCoeff()1,Gyro,92,10.682311
tBodyGyroMag-arCoeff()2,Gyro,191,3.402969
tBodyGyroMag-arCoeff()3,Gyro,144,59.085741
tBodyGyroMag-arCoeff()4,Gyro,94,131.410028
tBodyGyroJerkMag-mean(),Gyro,42,165.577027
tBodyGyroJerkMag-std(),Gyro,25,1.566168
tBodyGyroJerkMag-mad(),Gyro,12,0.007570
tBodyGyroJerkMag-max(),Gyro,18,0.011206
tBodyGyroJerkMag-min(),Gyro,40,0.000096
tBodyGyroJerkMag-sma(),Gyro,0,0.000000
tBodyGyroJerkMag-energy(),Gyro,4,0.258196
tBodyGyroJerkMag-iqr(),Gyro,75,3.121254
tBodyGyroJerkMag-entropy(),Gyro,286,177.174350
tBodyGyroJerkMag-arCoeff()1,Gyro,74,0.007639
tBodyGyroJerkMag-arCoeff()2,Gyro,41,0.406600
tBodyGyroJerkMag-arCoeff()3,Gyro,149,400.731130
tBodyGyroJerkMag-arCoeff()4,Gyro,98,508.806667
fBodyAcc-mean()-X,Acc,54,0.000080
fBodyAcc-mean()-Y,Acc,24,2.976914
fBodyAcc-mean()-Z,Acc,75,12.049044
fBodyAcc-std()-X,Acc,76,0.002139
fBodyAcc-std()-Y,Acc,56,0.081528
fBodyAcc-std()-Z,Acc,60,10.978698
fBodyAcc-mad()-X,Acc,90,0.261627
fBodyAcc-mad()-Y,Acc,63,15.164963
fBodyAcc-mad()-Z,Acc,32,0.776847
fBodyAcc-max()-X,Acc,82,873.928407
fBodyAcc-max()-Y,Acc,97,351.259490
fBodyAcc-max()-Z,Acc,168,3.615390
fBodyAcc-min()-X,Acc,106,0.006765
fBodyAcc-min()-Y,Acc,37,6.145220
fBodyAcc-min()-Z,Acc,53,1.027059
fBodyAcc-sma(),Acc,47,1.082387
fBodyAcc-energy()-X,Acc,11,0.000108
fBodyAcc-energy()-Y,Acc,7,0.000023
fBodyAcc-energy()-Z,Acc,5,3.995618
fBodyAcc-iqr()-X,Acc,102,4.174437
fBodyAcc-iqr()-Y,Acc,44,9.406559
fBodyAcc-iqr()-Z,Acc,95,22.630435
fBodyAcc-entropy()-X,Acc,116,0.543352
fBodyAcc-entropy()-Y,Acc,92,0.434132
fBodyAcc-entropy()-Z,Acc,19,0.060654
fBodyAcc-maxInds-X,Acc,2,0.000000
fBodyAcc-maxInds-Y,Acc,38,32.357681
fBodyAcc-maxInds-Z,Acc,11,42.219640
fBodyAcc-meanFreq()-X,Acc,24,0.010287
fBodyAcc-meanFreq()-Y,Acc,79,3.323454
fBodyAcc-meanFreq()-Z,Acc,56,1.589973
fBodyAcc-skewness()-X,Acc,101,38.307824
fBodyAcc-kurtosis()-X,Acc,79,19.952158
fBodyAcc-skewness()-Y,Acc,71,0.068295
fBodyAcc-kurtosis()-Y,Acc,112,26.920783
fBodyAcc-skewness()-Z,Acc,118,91.816316
fBodyAcc-kurtosis()-Z,Acc,110,24.313411
"fBodyAcc-bandsEnergy()-1,8",Acc,147,5.645066
"fBodyAcc-bandsEnergy()-9,16",Acc,162,957.790479
"fBodyAcc-bandsEnergy()-17,24",Acc,39,46.669442
"fBodyAcc-bandsEnergy()-25,32",Acc,26,2.313152
"fBodyAcc-bandsEnergy()-33,40",Acc,54,0.014501
"fBodyAcc-bandsEnergy()-41,48",Acc,17,0.000084
"fBodyAcc-bandsEnergy()-49,56",Acc,32,0.000239
"fBodyAcc-bandsEnergy()-57,64",Acc,34,0.000080
"fBodyAcc-bandsEnergy()-1,16",Acc,46,13.849250
"fBodyAcc-bandsEnergy()-17,32",Acc,22,0.492852
"fBodyAcc-bandsEnergy()-33,48",Acc,25,2.058286
"fBodyAcc-bandsEnergy()-49,64",Acc,44,0.410822
"fBodyAcc-bandsEnergy()-1,24",Acc,18,0.000406
"fBodyAcc-bandsEnergy()-25,48",Acc,24,0.000087
"fBodyAcc-bandsEnergy()-1,8.1",Acc,251,816.283686
"fBodyAcc-bandsEnergy()-9,16.1",Acc,111,196.473419
"fBodyAcc-bandsEnergy()-17,24.1",Acc,43,0.536552
"fBodyAcc-bandsEnergy()-25,32.1",Acc,40,1.235110
"fBodyAcc-bandsEnergy()-33,40.1",Acc,79,0.007960
"fBodyAcc-bandsEnergy()-41,48.1",Acc,20,2.505961
"fBodyAcc-bandsEnergy()-49,56.1",Acc,50,0.001898
"fBodyAcc-bandsEnergy()-57,64.1",Acc,100,0.007340
"fBodyAcc-bandsEnergy()-1,16.1",Acc,37,0.114908
"fBodyAcc-bandsEnergy()-17,32.1",Acc,42,0.006214
"fBodyAcc-bandsEnergy()-33,48.1",Acc,27,0.002504
"fBodyAcc-bandsEnergy()-49,64.1",Acc,57,4.147766
"fBodyAcc-bandsEnergy()-1,24.1",Acc,36,2.753951
"fBodyAcc-bandsEnergy()-25,48.1",Acc,54,34.141185
"fBodyAcc-bandsEnergy()-1,8.2",Acc,88,12.558206
"fBodyAcc-bandsEnergy()-9,16.2",Acc,62,448.004740
"fBodyAcc-bandsEnergy()-17,24.2",Acc,85,169.688859
"fBodyAcc-bandsEnergy()-25,32.2",Acc,45,2.485174
"fBodyAcc-bandsEnergy()-33,40.2",Acc,38,0.669578
"fBodyAcc-bandsEnergy()-41,48.2",Acc,15,1.142549
"fBodyAcc-bandsEnergy()-49,56.2",Acc,30,0.030739
"fBodyAcc-bandsEnergy()-57,64.2",Acc,40,9.920698
"fBodyAcc-bandsEnergy()-1,16.2",Acc,35,65.518500
"fBodyAcc-bandsEnergy()-17,32.2",Acc,38,86.070651
"fBodyAcc-bandsEnergy()-33,48.2",Acc,8,0.035515
"fBodyAcc-bandsEnergy()-49,64.2",Acc,29,0.000040
"fBodyAcc-bandsEnergy()-1,24.2",Acc,19,8.002769
"fBodyAcc-bandsEnergy()-25,48.2",Acc,19,1.053751
fBodyAccJerk-mean()-X,Acc,44,0.410663
fBodyAccJerk-mean()-Y,Acc,38,0.381130
fBodyAccJerk-mean()-Z,Acc,16,0.000105
fBodyAccJerk-std()-X,Acc,69,0.042034
fBodyAccJerk-std()-Y,Acc,30,7.782259
fBodyAccJerk-std()-Z,Acc,14,7.210952
fBodyAccJerk-mad()-X,Acc,18,1.464672
fBodyAccJerk-mad()-Y,Acc,10,0.000050
fBodyAccJerk-mad()-Z,Acc,12,2.732674
fBodyAccJerk-max()-X,Acc,21,0.713292
fBodyAccJerk-max()-Y,Acc,62,3.728239
fBodyAccJerk-max()-Z,Acc,52,106.358485
fBodyAccJerk-min()-X,Acc,47,1.815288
fBodyAccJerk-min()-Y,Acc,34,0.002499
fBodyAccJerk-min()-Z,Acc,159,0.028727
fBodyAccJerk-sma(),Acc,42,0.210032
fBodyAccJerk-energy()-X,Acc,2,0.000021
fBodyAccJerk-energy()-Y,Acc,0,0.000000
fBodyAccJerk-energy()-Z,Acc,0,0.000000
fBodyAccJerk-iqr()-X,Acc,15,0.922167
fBodyAccJerk-iqr()-Y,Acc,53,0.071127
fBodyAccJerk-iqr()-Z,Acc,56,0.584922
fBodyAccJerk-entropy()-X,Acc,18,0.295333
fBodyAccJerk-entropy()-Y,Acc,29,3.746097
fBodyAccJerk-entropy()-Z,Acc,51,54.515298
fBodyAccJerk-maxInds-X,Acc,84,2.453368
fBodyAccJerk-maxInds-Y,Acc,76,251.516385
fBodyAccJerk-maxInds-Z,Acc,46,11.283123
fBodyAccJerk-meanFreq()-X,Acc,69,95.804944
fBodyAccJerk-meanFreq()-Y,Acc,98,13.930094
fBodyAccJerk-meanFreq()-Z,Acc,89,2.757559
fBodyAccJerk-skewness()-X,Acc,54,0.068803
fBodyAccJerk-kurtosis()-X,Acc,26,0.030487
fBodyAccJerk-skewness()-Y,Acc,64,15.344366
fBodyAccJerk-kurtosis()-Y,Acc,34,0.951198
fBodyAccJerk-skewness()-Z,Acc,33,2.068607
fBodyAccJerk-kurtosis()-Z,Acc,25,0.002739
"fBodyAccJerk-bandsEnergy()-1,8",Acc,48,0.013686
"fBodyAccJerk-bandsEnergy()-9,16",Acc,40,0.021512
"fBodyAccJerk-bandsEnergy()-17,24",Acc,44,1.328573
"fBodyAccJerk-bandsEnergy()-25,32",Acc,34,16.024360
"fBodyAccJerk-bandsEnergy()-33,40",Acc,56,0.000151
"fBodyAccJerk-bandsEnergy()-41,48",Acc,30,0.523228
"fBodyAccJerk-bandsEnergy()-49,56",Acc,26,0.000045
"fBodyAccJerk-bandsEnergy()-57,64",Acc,35,1.508875
"fBodyAccJerk-bandsEnergy()-1,16",Acc,56,1031.505433
"fBodyAccJerk-bandsEnergy()-17,32",Acc,57,3.528571
"fBodyAccJerk-bandsEnergy()-33,48",Acc,35,0.048823
"fBodyAccJerk-bandsEnergy()-49,64",Acc,15,0.000376
"fBodyAccJerk-bandsEnergy()-1,24",Acc,56,0.062236
"fBodyAccJerk-bandsEnergy()-25,48",Acc,11,0.058863
"fBodyAccJerk-bandsEnergy()-1,8.1",Acc,78,26.133397
"fBodyAccJerk-bandsEnergy()-9,16.1",Acc,68,901.947908
"fBodyAccJerk-bandsEnergy()-17,24.1",Acc,76,11.985447
"fBodyAccJerk-bandsEnergy()-25,32.1",Acc,105,632.262191
"fBodyAccJerk-bandsEnergy()-33,40.1",Acc,61,13.587110
"fBodyAccJerk-bandsEnergy()-41,48.1",Acc,32,0.000121
"fBodyAccJerk-bandsEnergy()-49,56.1",Acc,56,3.586415
"fBodyAccJerk-bandsEnergy()-57,64.1",Acc,102,0.038944
"fBodyAccJerk-bandsEnergy()-1,16.1",Acc,23,0.000966
"fBodyAccJerk-bandsEnergy()-17,32.1",Acc,85,16.263490
"fBodyAccJerk-bandsEnergy()-33,48.1",Acc,45,0.489779
"fBodyAccJerk-bandsEnergy()-49,64.1",Acc,30,0.128933
"fBodyAccJerk-bandsEnergy()-1,24.1",Acc,21,0.442091
"fBodyAccJerk-bandsEnergy()-25,48.1",Acc,39,73.409427
"fBodyAccJerk-bandsEnergy()-1,8.2",Acc,249,1320.933203
"fBodyAccJerk-bandsEnergy()-9,16.2",Acc,23,11.080913
"fBodyAccJerk-bandsEnergy()-17,24.2",Acc,42,6.954180
"fBodyAccJerk-bandsEnergy()-25,32.2",Acc,18,0.000025
"fBodyAccJerk-bandsEnergy()-33,40.2",Acc,11,0.129762
"fBodyAccJerk-bandsEnergy()-41,48.2",Acc,33,0.019010
"fBodyAccJerk-bandsEnergy()-49,56.2",Acc,40,0.000009
"fBodyAccJerk-bandsEnergy()-57,64.2",Acc,70,0.124478
"fBodyAccJerk-bandsEnergy()-1,16.2",Acc,33,2.012942
"fBodyAccJerk-bandsEnergy()-17,32.2",Acc,18,7.055467
"fBodyAccJerk-bandsEnergy()-33,48.2",Acc,23,13.415077
"fBodyAccJerk-bandsEnergy()-49,64.2",Acc,26,0.000012
"fBodyAccJerk-bandsEnergy()-1,24.2",Acc,19,70.627479
"fBodyAccJerk-bandsEnergy()-25,48.2",Acc,37,0.000317
fBodyGyro-mean()-X,Gyro,60,22.502708
fBodyGyro-mean()-Y,Gyro,23,0.000085
fBodyGyro-mean()-Z,Gyro,32,69.160375
fBodyGyro-std()-X,Gyro,33,12.460283
fBodyGyro-std()-Y,Gyro,84,43.684566
fBodyGyro-std()-Z,Gyro,82,163.972170
fBodyGyro-mad()-X,Gyro,74,875.669781
fBodyGyro-mad()-Y,Gyro,42,28.975482
fBodyGyro-mad()-Z,Gyro,87,825.474884
fBodyGyro-max()-X,Gyro,141,25.043678
fBodyGyro-max()-Y,Gyro,127,6.667183
fBodyGyro-max()-Z,Gyro,74,7.678807
fBodyGyro-min()-X,Gyro,49,0.001629
fBodyGyro-min()-Y,Gyro,94,4.841165
fBodyGyro-min()-Z,Gyro,51,3.878763
fBodyGyro-sma(),Gyro,24,49.299157
fBodyGyro-energy()-X,Gyro,1,0.000000
fBodyGyro-energy()-Y,Gyro,162,0.001258
fBodyGyro-energy()-Z,Gyro,8,0.011632
fBodyGyro-iqr()-X,Gyro,145,0.264530
fBodyGyro-iqr()-Y,Gyro,26,0.250366
fBodyGyro-iqr()-Z,Gyro,44,5.036646
fBodyGyro-entropy()-X,Gyro,33,1.224676
fBodyGyro-entropy()-Y,Gyro,30,0.418368
fBodyGyro-entropy()-Z,Gyro,42,0.101358
fBodyGyro-maxInds-X,Gyro,40,763.088769
fBodyGyro-maxInds-Y,Gyro,17,25.460626
fBodyGyro-maxInds-Z,Gyro,52,130.254707
fBodyGyro-meanFreq()-X,Gyro,33,0.492978
fBodyGyro-meanFreq()-Y,Gyro,78,48.504092
fBodyGyro-meanFreq()-Z,Gyro,82,12.170430
fBodyGyro-skewness()-X,Gyro,139,52.719821
fBodyGyro-kurtosis()-X,Gyro,194,850.546318
fBodyGyro-skewness()-Y,Gyro,52,103.987502
fBodyGyro-kurtosis()-Y,Gyro,47,1.475105
fBodyGyro-skewness()-Z,Gyro,196,622.226748
fBodyGyro-kurtosis()-Z,Gyro,145,0.910421
"fBodyGyro-bandsEnergy()-1,8",Gyro,135,1210.349989
"fBodyGyro-bandsEnergy()-9,16",Gyro,197,676.299612
"fBodyGyro-bandsEnergy()-17,24",Gyro,78,46.909288
"fBodyGyro-bandsEnergy()-25,32",Gyro,24,1.367803
"fBodyGyro-bandsEnergy()-33,40",Gyro,27,10.576968
"fBodyGyro-bandsEnergy()-41,48",Gyro,19,0.146614
"fBodyGyro-bandsEnergy()-49,56",Gyro,25,1.791135
"fBodyGyro-bandsEnergy()-57,64",Gyro,88,1.729437
"fBodyGyro-bandsEnergy()-1,16",Gyro,16,0.361835
"fBodyGyro-bandsEnergy()-17,32",Gyro,46,12.108401
"fBodyGyro-bandsEnergy()-33,48",Gyro,31,15.582442
"fBodyGyro-bandsEnergy()-49,64",Gyro,24,0.000050
"fBodyGyro-bandsEnergy()-1,24",Gyro,3,3.700881
"fBodyGyro-bandsEnergy()-25,48",Gyro,31,10.904243
"fBodyGyro-bandsEnergy()-1,8.1",Gyro,260,2334.817894
"fBodyGyro-bandsEnergy()-9,16.1",Gyro,51,51.835773
"fBodyGyro-bandsEnergy()-17,24.1",Gyro,64,1677.152046
"fBodyGyro-bandsEnergy()-25,32.1",Gyro,85,1.809631
"fBodyGyro-bandsEnergy()-33,40.1",Gyro,50,0.395596
"fBodyGyro-bandsEnergy()-41,48.1",Gyro,60,1.575640
"fBodyGyro-bandsEnergy()-49,56.1",Gyro,21,0.004827
"fBodyGyro-bandsEnergy()-57,64.1",Gyro,77,0.006887
"fBodyGyro-bandsEnergy()-1,16.1",Gyro,44,7.448297
"fBodyGyro-bandsEnergy()-17,32.1",Gyro,22,2.291924
"fBodyGyro-bandsEnergy()-33,48.1",Gyro,46,0.000161
"fBodyGyro-bandsEnergy()-49,64.1",Gyro,48,1.663211
"fBodyGyro-bandsEnergy()-1,24.1",Gyro,42,2.637378
"fBodyGyro-bandsEnergy()-25,48.1",Gyro,55,0.914816
"fBodyGyro-bandsEnergy()-1,8.2",Gyro,97,294.899651
"fBodyGyro-bandsEnergy()-9,16.2",Gyro,84,151.135350
"fBodyGyro-bandsEnergy()-17,24.2",Gyro,117,701.018867
"fBodyGyro-bandsEnergy()-25,32.2",Gyro,50,0.912621
"fBodyGyro-bandsEnergy()-33,40.2",Gyro,32,0.082031
"fBodyGyro-bandsEnergy()-41,48.2",Gyro,123,0.000497
"fBodyGyro-bandsEnergy()-49,56.2",Gyro,499,12.525878
"fBodyGyro-bandsEnergy()-57,64.2",Gyro,54,12.906310
"fBodyGyro-bandsEnergy()-1,16.2",Gyro,36,23.413853
"fBodyGyro-bandsEnergy()-17,32.2",Gyro,74,91.898108
"fBodyGyro-bandsEnergy()-33,48.2",Gyro,37,2.937683
"fBodyGyro-bandsEnergy()-49,64.2",Gyro,278,0.841791
"fBodyGyro-bandsEnergy()-1,24.2",Gyro,23,1.323318
"fBodyGyro-bandsEnergy()-25,48.2",Gyro,15,2.082961
fBodyAccMag-mean(),Acc,59,116.864882
fBodyAccMag-std(),Acc,16,0.561776
fBodyAccMag-mad(),Acc,9,0.004752
fBodyAccMag-max(),Acc,62,6.623690
fBodyAccMag-min(),Acc,107,2.425787
fBodyAccMag-sma(),Acc,0,0.000000
fBodyAccMag-energy(),Acc,7,0.000000
fBodyAccMag-iqr(),Acc,109,0.000351
fBodyAccMag-entropy(),Acc,40,0.000059
fBodyAccMag-maxInds,Acc,8,16.604960
fBodyAccMag-meanFreq(),Acc,32,3.509762
fBodyAccMag-skewness(),Acc,56,0.102492
fBodyAccMag-kurtosis(),Acc,98,7.044321
fBodyBodyAccJerkMag-mean(),Acc,22,0.997162
fBodyBodyAccJerkMag-std(),Acc,155,22.018751
fBodyBodyAccJerkMag-mad(),Acc,26,6.433994
fBodyBodyAccJerkMag-max(),Acc,170,438.524626
fBodyBodyAccJerkMag-min(),Acc,11,0.000023
fBodyBodyAccJerkMag-sma(),Acc,0,0.000000
fBodyBodyAccJerkMag-energy(),Acc,43,0.000265
fBodyBodyAccJerkMag-iqr(),Acc,38,0.323369
fBodyBodyAccJerkMag-entropy(),Acc,56,1.106954
fBodyBodyAccJerkMag-maxInds,Acc,6,0.000022
fBodyBodyAccJerkMag-meanFreq(),Acc,45,0.056552
fBodyBodyAccJerkMag-skewness(),Acc,205,5.791580
fBodyBodyAccJerkMag-kurtosis(),Acc,94,1.315940
fBodyBodyGyroMag-mean(),Gyro,10,0.224626
fBodyBodyGyroMag-std(),Gyro,123,148.048534
fBodyBodyGyroMag-mad(),Gyro,45,0.002327
fBodyBodyGyroMag-max(),Gyro,38,6.557263
fBodyBodyGyroMag-min(),Gyro,88,0.064569
fBodyBodyGyroMag-sma(),Gyro,0,0.000000
fBodyBodyGyroMag-energy(),Gyro,4,0.000000
fBodyBodyGyroMag-iqr(),Gyro,69,20.195699
fBodyBodyGyroMag-entropy(),Gyro,33,1.814022
fBodyBodyGyroMag-maxInds,Gyro,52,290.909125
fBodyBodyGyroMag-meanFreq(),Gyro,142,277.407268
fBodyBodyGyroMag-skewness(),Gyro,32,2.793738
fBodyBodyGyroMag-kurtosis(),Gyro,51,0.000518
fBodyBodyGyroJerkMag-mean(),Gyro,7,0.790651
fBodyBodyGyroJerkMag-std(),Gyro,49,4.858241
fBodyBodyGyroJerkMag-mad(),Gyro,7,0.001079
fBodyBodyGyroJerkMag-max(),Gyro,139,24.477956
fBodyBodyGyroJerkMag-min(),Gyro,61,0.825565
fBodyBodyGyroJerkMag-sma(),Gyro,0,0.000000
fBodyBodyGyroJerkMag-energy(),Gyro,8,0.000073
fBodyBodyGyroJerkMag-iqr(),Gyro,29,0.000052
fBodyBodyGyroJerkMag-entropy(),Gyro,28,3.328036
fBodyBodyGyroJerkMag-maxInds,Gyro,14,12.973140
fBodyBodyGyroJerkMag-meanFreq(),Gyro,219,58.738891
fBodyBodyGyroJerkMag-skewness(),Gyro,277,10.476227
fBodyBodyGyroJerkMag-kurtosis(),Gyro,140,0.303561
"angle(tBodyAccMean,gravity)",Acc,61,0.408716
"angle(tBodyAccJerkMean),gravityMean)",Acc,30,2.034460
"angle(tBodyGyroMean,gravityMean)",Gyro,252,0.022675
"angle(tBodyGyroJerkMean,gravityMean)",Gyro,28,0.000069
"angle(X,gravityMean)",Other,259,973.476847
"angle(Y,gravityMean)",Other,104,1320.191864
"angle(Z,gravityMean)",Other,29,23.978962
